{
  
    "source_connection": "jdbc:sqlserver://localhost\\sqlexpress:1433;integratedSecurity=true;databaseName=STAGING_CBS",
    "target_connection": "jdbc:sqlserver://localhost\\sqlexpress:1433;integratedSecurity=true;databaseName=STAGING_STG",
    "table_mappings": [
      {
        "source_table": "CFL_ACCOUNTASSETDETAILS_CBS_STG",
        "target_table": "CFL_ACCOUNTASSETDETAILS_STG",
		"col_mappings":[
		{"source_col":"APPL_ID","target_col":"APPL_ID"},
{"source_col":"ASSET_DESC","target_col":"ASSET_DESC"},
{"source_col":"ASSET_COST","target_col":"ASSET_COST"},
{"source_col":"ADDITIONAL_INFO","target_col":"ADDITIONAL_INFO"},
{"source_col":"USERID","target_col":"USERID"},
{"source_col":"ASSET_CATEGORY","target_col":"ASSET_CATEGORY"},
{"source_col":"MAKE","target_col":"MAKE"},
{"source_col":"MODEL","target_col":"MODEL"},
{"source_col":"UPLOAD_DATE","target_col":"UPLOAD_DATE"},
{"source_col":"RC_NUM","target_col":"RC_NUM"},
{"source_col":"REG_NO","target_col":"REG_NO"},
{"source_col":"CHASIS_NO","target_col":"CHASIS_NO"}
		]		
      },
	  {
        "source_table": "CFL_ACCOUNTCONTACT_CBS_STG",
        "target_table": "CFL_ACCOUNTCONTACT_STG",
		"col_mappings":[
		{"source_col":"APPL_ID","target_col":"APPL_ID"},
{"source_col":"CONTACT_REF","target_col":"CONTACT_REF"},
{"source_col":"IS_SENSITIVE","target_col":"IS_SENSITIVE"},
{"source_col":"TYP","target_col":"TYPE"},
{"source_col":"VALID_FROM","target_col":"VALID_FROM"},
{"source_col":"VALID_TO","target_col":"VALID_TO"},
{"source_col":"UPLOAD_DATE","target_col":"UPLOAD_DATE"}
        ]
      },
	  {
        "source_table": "CFL_ACCOUNTDETAILS_CBS_STG",
        "target_table": "CFL_ACCOUNTDETAILS_STG",
		"col_mappings":[
		{"source_col":"APPL_ID","target_col":"APPL_ID"},
{"source_col":"CRNNUM","target_col":"CRNNUM"},
{"source_col":"FINANCER_ID","target_col":"FINANCIER_ID"},
{"source_col":"LOAN_TYPE","target_col":"LOAN_TYPE"},
{"source_col":"PRODUCT","target_col":"PRODUCT"},
{"source_col":"SCHEME","target_col":"SCHEME"},
{"source_col":"PURPOSE","target_col":"PURPOSE"},
{"source_col":"DISBURSAL_DATE","target_col":"DISBURSAL_DATE"},
{"source_col":"ASSET_COST","target_col":"ASSET_COST"},
{"source_col":"AMOUNT_FIN","target_col":"AMOUNT_FIN"},
{"source_col":"MARGIN_MONEY","target_col":"MARGIN_MONEY"},
{"source_col":"TENURE","target_col":"TENNURE"},
{"source_col":"REPAYMENT_FREQUENCY","target_col":"REPAYMENT_FREQUENCY"},
{"source_col":"INTEREST_RATE","target_col":"INTEREST_RATE"},
{"source_col":"NO_OF_INST","target_col":"NO_OF_INST"},
{"source_col":"INTEREST_TYPE","target_col":"INTEREST_TYPE"},
{"source_col":"SECURITY_DEPOSIT","target_col":"SECURITY_DEPOSIT"},
{"source_col":"RESIDUAL_VALUE","target_col":"RESIDUAL_VALUE"},
{"source_col":"OTHER_CHARGES","target_col":"OTHER_CHARGES"},
{"source_col":"GRACE_DAYS","target_col":"GRACE_DAYS"},
{"source_col":"GRACE_AMOUNT","target_col":"GRACE_AMOUNT"},
{"source_col":"HHNO","target_col":"HHNO"},
{"source_col":"VIP_FLAG","target_col":"VIP_FLAG"},
{"source_col":"AMNESTY_FLAG","target_col":"AMNESTY_FLAG"},
{"source_col":"LEGAL_FLAG","target_col":"LEGAL_FLAG"},
{"source_col":"DELINQUECY_STRING","target_col":"DELINQUENCY_STRING"},
{"source_col":"BUCKET","target_col":"BUCKET"},
{"source_col":"DPD","target_col":"DPD"},
{"source_col":"INSTALLMENT_DUE_DATE","target_col":"INSTALLMENT_DUE_DATE"},
{"source_col":"NO_OF_INST_OVERDUE","target_col":"NO_OF_INST_OVERDUE"},
{"source_col":"AMOUNT_OVERDUE","target_col":"AMOUNT_OVERDUE"},
{"source_col":"MIN_AMOUNT_OVERDUE","target_col":"MIN_AMOUNT_DUE"},
{"source_col":"NO_OF_INST_OUSTANDING","target_col":"NO_OF_INST_OUTSTANDING"},
{"source_col":"AMOUNT_OUTSANDING","target_col":"AMOUNT_OUTSTANDING"},
{"source_col":"TOTAL_CHARGES_OVERDUE","target_col":"TOTAL_CHARGES_OVERDUE"},
{"source_col":"PRINCIPAL_OVERDUE","target_col":"PRINCIPLE_OVERDUE"},
{"source_col":"PRINCIPAL_OUTSTANDING","target_col":"PRINCIPLE_OUTSTANDING"},
{"source_col":"INTEREST_OVERDUE","target_col":"INTEREST_OVERDUE"},
{"source_col":"INTEREST_OUTSTANDING","target_col":"INTEREST_OUTSTANDING"},
{"source_col":"CARD_TYPE","target_col":"CARD_TYPE"},
{"source_col":"CARD_CATG","target_col":"CARD_CATG"},
{"source_col":"NAME_ON_CARD","target_col":"NAME_ON_CARD"},
{"source_col":"SEND_BILL_TO","target_col":"SEND_BILL_TO"},
{"source_col":"NO_ADD_ON_CARDS","target_col":"NO_OF_ADDON_CARDS"},
{"source_col":"MEMO_BALANCE","target_col":"MEMO_BALANCE"},
{"source_col":"CREDIT_LIMIT","target_col":"CREDIT_LIMIT"},
{"source_col":"HI_BILLED","target_col":"HI_BILLED"},
{"source_col":"BUCKET1","target_col":"BUCKET1"},
{"source_col":"BUCKET2","target_col":"BUCKET2"},
{"source_col":"BUCKET3","target_col":"BUCKET3"},
{"source_col":"BUCKET4","target_col":"BUCKET4"},
{"source_col":"BUCKET5","target_col":"BUCKET5"},
{"source_col":"BUCKET6","target_col":"BUCKET6"},
{"source_col":"NO_OF_NSF","target_col":"NO_OF_NSF"},
{"source_col":"BUCKET7","target_col":"BUCKET7"},
{"source_col":"COLLECTION_CYCLE","target_col":"COLLECTION_CYCLE"},
{"source_col":"CARD_EXPIRY_DATE","target_col":"CARD_EXPIRY_DATE"},
{"source_col":"CIF_NUMBER","target_col":"CIF_NUMBER"},
{"source_col":"ACCT_NUMBER","target_col":"ACCT_NUMBER"},
{"source_col":"DELINQUECY_MONTHS","target_col":"DELINQUENCY_MONTHS"},
{"source_col":"BRANCH_CODE","target_col":"BRANCH_CODE"},
{"source_col":"INSTALLMENT_AMT","target_col":"INSTALLMENT_AMT"},
{"source_col":"INTEREST_APPLICATION_DATE","target_col":"INTEREST_APPLICATION_DATE"},
{"source_col":"PRODUCT_TYPE","target_col":"PRODUCT_TYPE"},
{"source_col":"CURRENT_ACC_BALANCE","target_col":"CURRENT_ACC_BALANCE"},
{"source_col":"CURRENT_CREDIT_LIMIT","target_col":"CURRENT_CREDIT_LIMIT"},
{"source_col":"DSA_ID","target_col":"DSA_ID"},
{"source_col":"DSA_NAME","target_col":"DSA_NAME"},
{"source_col":"CHARGE_OFF_FLAG","target_col":"CHARGE_OFF_FLAG"},
{"source_col":"CHARGE_OFF_DATE","target_col":"CHARGE_OFF_DATE"},
{"source_col":"DISB_AGENCY","target_col":"DISB_AGENCY"},
{"source_col":"CYCLE_STRING","target_col":"CYCLE_STRING"},
{"source_col":"SUB_PRODUCT_CODE","target_col":"SUB_PRODUCT_CODE"},
{"source_col":"DISB_DLR_NAME","target_col":"DISB_DLR_NAME"},
{"source_col":"CUST_CATG_HOST","target_col":"CUST_CATG_HOST"},
{"source_col":"BUCKET8","target_col":"BUCKET8"},
{"source_col":"BUCKET9","target_col":"BUCKET9"},
{"source_col":"BUCKET10","target_col":"BUCKET10"},
{"source_col":"LTV_PERCENTAGE","target_col":"LTV_PERCENTAGE"},
{"source_col":"ACCOUNT_CLOSED_FLG","target_col":"ACCOUNT_CLOSED_FLG"},
{"source_col":"LIMIT_AMOUNT","target_col":"LIMIT_AMOUNT"},
{"source_col":"LINE_EXPIRY_DATE","target_col":"LINE_EXPIRY_DATE"},
{"source_col":"OVER_LIMIT","target_col":"OVER_LIMIT"},
{"source_col":"NOC_STATUS","target_col":"NOC_STATUS"},
{"source_col":"EXCESS_AMOUNT","target_col":"EXCESS_AMOUNT"},
{"source_col":"RENEWAL_DATE","target_col":"RENEWAL_DATE"},
{"source_col":"COLLATERAL_FLAG","target_col":"COLLATERAL_FLAG"},
{"source_col":"RECOVERY_AMOUNT","target_col":"RECOVERY_AMOUNT"},
{"source_col":"DATE_OF_EXCESS","target_col":"DATE_OF_EXCESS"},
{"source_col":"LAST_EMI_COLLECTED","target_col":"LAST_EMI_COLLECTED"},
{"source_col":"LINES_IN_EXCESS","target_col":"LINES_IN_EXCESS"},
{"source_col":"CUST_NAME","target_col":"CUST_NAME"},
{"source_col":"CARD_NUMBER","target_col":"CARD_NUMBER"},
{"source_col":"RELATIONSHIP_NO","target_col":"RELATIONSHIP_NO"},
{"source_col":"REGION_CODE","target_col":"REGION_CODE"},
{"source_col":"BUCKET0","target_col":"BUCKET0"},
{"source_col":"CARD_CATG2","target_col":"CARD_CATG2"},
{"source_col":"CARD_CATG3","target_col":"CARD_CATG3"},
{"source_col":"CARD_CATG4","target_col":"CARD_CATG4"},
{"source_col":"CHARGE_OFF_REASON_CODE","target_col":"CHARGE_OFF_REASON_CODE"},
{"source_col":"MEMO_PERMANENT","target_col":"MEMO_PERMANENT"},
{"source_col":"LAST_CASH_ADVANCE_AMT","target_col":"LAST_CASH_ADVANCE_AMT"},
{"source_col":"LAST_CASH_ADVANCE_DATE","target_col":"LAST_CASH_ADVANCE_DATE"},
{"source_col":"LAST_CREDIT_LIMIT","target_col":"LAST_CREDIT_LIMIT"},
{"source_col":"LAST_DELINQUENCY_DATE","target_col":"LAST_DELINQUENCY_DATE"},
{"source_col":"LAST_PAYMENT_AMT","target_col":"LAST_PAYMENT_AMT"},
{"source_col":"LAST_PAYMENT_DATE","target_col":"LAST_PAYMENT_DATE"},
{"source_col":"LAST_PURCH_AMT","target_col":"LAST_PURCH_AMT"},
{"source_col":"LAST_PURCH_DATE","target_col":"LAST_PURCH_DATE"},
{"source_col":"LAST_RETURN_CHECK_DATE","target_col":"LAST_RETURN_CHECK_DATE"},
{"source_col":"LAST_STATEMENT_BALANCE","target_col":"LAST_STATEMENT_BALANCE"},
{"source_col":"LAST_STATEMENT_DATE","target_col":"LAST_STATEMENT_DATE"},
{"source_col":"NEXT_STATEMENT_DATE","target_col":"NEXT_STATEMENT_DATE"},
{"source_col":"LATE_FEES","target_col":"LATE_FEES"},
{"source_col":"LTD_NSF_NUMBER","target_col":"LTD_NSF_NUMBER"},
{"source_col":"LTD_PAYMENTS","target_col":"LTD_PAYMENTS"},
{"source_col":"OTHER_CHARGES2","target_col":"OTHER_CHARGES2"},
{"source_col":"OTHER_CHARGES3","target_col":"OTHER_CHARGES3"},
{"source_col":"OTHER_CHARGES4","target_col":"OTHER_CHARGES4"},
{"source_col":"OTHER_CHARGES5","target_col":"OTHER_CHARGES5"},
{"source_col":"OVER_LIMIT_FLAG","target_col":"OVER_LIMIT_FLAG"},
{"source_col":"PAYMENT_DUE_DATE","target_col":"PAYMENT_DUE_DATE"},
{"source_col":"SERVICE_CHARGE_BALANCE","target_col":"SERVICE_CHARGE_BALANCE"},
{"source_col":"TOTAL_AMT_DUE","target_col":"TOTAL_AMT_DUE"},
{"source_col":"TOTAL_CURR_DUE","target_col":"TOTAL_CURR_DUE"},
{"source_col":"ADA_ACCOUNT","target_col":"ADA_ACCOUNT"},
{"source_col":"ADA_BANK_ID","target_col":"ADA_BANK_ID"},
{"source_col":"ADA_PREFERENCE_AMT","target_col":"ADA_PREFERENCE_AMT"},
{"source_col":"CASH_AVAILABLE","target_col":"CASH_AVAILABLE"},
{"source_col":"CASH_BALANCE","target_col":"CASH_BALANCE"},
{"source_col":"CASH_DEBIT","target_col":"CASH_DEBIT"},
{"source_col":"CASH_IBNP","target_col":"CASH_IBNP"},
{"source_col":"CASH_SERVICE_CHARGE","target_col":"CASH_SERVICE_CHARGE"},
{"source_col":"CASH_WITHDRAWAL_LIMIT","target_col":"CASH_WITHDRAWAL_LIMIT"},
{"source_col":"CREDIT_LIMIT_DATE","target_col":"CREDIT_LIMIT_DATE"},
{"source_col":"CYCLE_DUE","target_col":"CYCLE_DUE"},
{"source_col":"HI_BILLED_DATE","target_col":"HI_BILLED_DATE"},
{"source_col":"ACCOUNT_BLOCK_CODE1","target_col":"ACCOUNT_BLOCK_CODE1"},
{"source_col":"ACCOUNT_BLOCK_CODE1_DATE","target_col":"ACCOUNT_BLOCK_CODE1_DATE"},
{"source_col":"ACCOUNT_BLOCK_CODE2","target_col":"ACCOUNT_BLOCK_CODE2"},
{"source_col":"ACCOUNT_BLOCK_CODE2_DATE","target_col":"ACCOUNT_BLOCK_CODE2_DATE"},
{"source_col":"CUSTOMER_INCOME","target_col":"CUSTOMER_INCOME"},
{"source_col":"PCT","target_col":"PCT"},
{"source_col":"PROMO_CODE","target_col":"PROMO_CODE"},
{"source_col":"SOURCE_CODE","target_col":"SOURCE_CODE"},
{"source_col":"CIF","target_col":"CIF"},
{"source_col":"REWARD_POINTS","target_col":"REWARD_POINTS"},
{"source_col":"APPL_REF_NUMBER","target_col":"APPL_REF_NUMBER"},
{"source_col":"MEMO_DEBITS","target_col":"MEMO_DEBITS"},
{"source_col":"COLLECTION_REASON","target_col":"COLLECTION_REASON"},
{"source_col":"BUREAU_SCORE","target_col":"BUREAU_SCORE"},
{"source_col":"INHOUSE_SCORE","target_col":"INHOUSE_SCORE"},
{"source_col":"MISC_SCORE","target_col":"MISC_SCORE"},
{"source_col":"EMPLOYER_CODE","target_col":"EMPLOYER_CODE"},
{"source_col":"CORPID","target_col":"CORPID"},
{"source_col":"IMMEDIATE_DUE","target_col":"IMMEDIATE_DUE"},
{"source_col":"CTD_RETAIL_PURCHASES_NUMBER","target_col":"CTD_RETAIL_PURCHASES_NUMBER"},
{"source_col":"CTD_RETAIL_PURCHASES_AMOUNT","target_col":"CTD_RETAIL_PURCHASES_AMOUNT"},
{"source_col":"YTD_RETAIL_PURCHASES_NUMBER","target_col":"YTD_RETAIL_PURCHASES_NUMBER"},
{"source_col":"YTD_RETAIL_PURCHASES_AMOUNT","target_col":"YTD_RETAIL_PURCHASES_AMOUNT"},
{"source_col":"LTD_RETAIL_PURCHASES_NUMBER","target_col":"LTD_RETAIL_PURCHASES_NUMBER"},
{"source_col":"LTD_RETAIL_PURCHASES_AMOUNT","target_col":"LTD_RETAIL_PURCHASES_AMOUNT"},
{"source_col":"CTD_CASH_PURCHASES_NUMBER","target_col":"CTD_CASH_PURCHASES_NUMBER"},
{"source_col":"CTD_CASH_PURCHASES_AMOUNT","target_col":"CTD_CASH_PURCHASES_AMOUNT"},
{"source_col":"USER_CODE2","target_col":"USER_CODE2"},
{"source_col":"USER_CODE3","target_col":"USER_CODE3"},
{"source_col":"USER_CODE4","target_col":"USER_CODE4"},
{"source_col":"USER_CODE5","target_col":"USER_CODE5"},
{"source_col":"USER_CODE6","target_col":"USER_CODE6"},
{"source_col":"USER_CODE7","target_col":"USER_CODE7"},
{"source_col":"USER_CODE8","target_col":"USER_CODE8"},
{"source_col":"USER_CODE9","target_col":"USER_CODE9"},
{"source_col":"USER_CODE10","target_col":"USER_CODE10"},
{"source_col":"USER_CODE11","target_col":"USER_CODE11"},
{"source_col":"USER_CODE12","target_col":"USER_CODE12"},
{"source_col":"USER_CODE13","target_col":"USER_CODE13"},
{"source_col":"USER_CODE14","target_col":"USER_CODE14"},
{"source_col":"MAE_DATE","target_col":"MAE_DATE"},
{"source_col":"USER_DATE2","target_col":"USER_DATE2"},
{"source_col":"USER_DATE3","target_col":"USER_DATE3"},
{"source_col":"USER_DATE4","target_col":"USER_DATE4"},
{"source_col":"USER_DATE5","target_col":"USER_DATE5"},
{"source_col":"USER_DATE6","target_col":"USER_DATE6"},
{"source_col":"USER_DATE7","target_col":"USER_DATE7"},
{"source_col":"USER_DATE8","target_col":"USER_DATE8"},
{"source_col":"USER_DATE9","target_col":"USER_DATE9"},
{"source_col":"USER_DATE10","target_col":"USER_DATE10"},
{"source_col":"USER_DATE11","target_col":"USER_DATE11"},
{"source_col":"USER_DATE12","target_col":"USER_DATE12"},
{"source_col":"USER_DATE13","target_col":"USER_DATE13"},
{"source_col":"USER_DATE14","target_col":"USER_DATE14"},
{"source_col":"MAE_AMOUNT","target_col":"MAE_AMOUNT"},
{"source_col":"USER_AMOUNT2","target_col":"USER_AMOUNT2"},
{"source_col":"USER_AMOUNT3","target_col":"USER_AMOUNT3"},
{"source_col":"USER_AMOUNT4","target_col":"USER_AMOUNT4"},
{"source_col":"USER_AMOUNT5","target_col":"USER_AMOUNT5"},
{"source_col":"USER_AMOUNT6","target_col":"USER_AMOUNT6"},
{"source_col":"USER_AMOUNT7","target_col":"USER_AMOUNT7"},
{"source_col":"USER_AMOUNT8","target_col":"USER_AMOUNT8"},
{"source_col":"USER_AMOUNT9","target_col":"USER_AMOUNT9"},
{"source_col":"USER_AMOUNT10","target_col":"USER_AMOUNT10"},
{"source_col":"USER_AMOUNT11","target_col":"USER_AMOUNT11"},
{"source_col":"USER_AMOUNT12","target_col":"USER_AMOUNT12"},
{"source_col":"USER_AMOUNT13","target_col":"USER_AMOUNT13"},
{"source_col":"USER_AMOUNT14","target_col":"USER_AMOUNT14"},
{"source_col":"EMPLOYEE_CODE","target_col":"EMPLOYEE_CODE"},
{"source_col":"OPENED_DATE","target_col":"OPENED_DATE"},
{"source_col":"CURRENCY","target_col":"CURRENCY"},
{"source_col":"UNBILLED_INST","target_col":"UNBILLED_INST"},
{"source_col":"DPD_STRING_STAMPDATE","target_col":"DPD_STRING_STAMPDATE"},
{"source_col":"PREPAYPENALTY","target_col":"PREPAYPENALTY"},
{"source_col":"AGREEMENTDATET","target_col":"AGREEMENTDATE"},
{"source_col":"USER_DATA1","target_col":"USER_DATA1"},
{"source_col":"USER_DATA2","target_col":"USER_DATA2"},
{"source_col":"USER_DATA3","target_col":"USER_DATA3"},
{"source_col":"USER_DATA4","target_col":"USER_DATA4"},
{"source_col":"USER_DATA5","target_col":"USER_DATA5"},
{"source_col":"USER_ID","target_col":"USERID"},
{"source_col":"LOAN_UPLOAD_FLG","target_col":"LOAN_UPLOAD_FLG"},
{"source_col":"OVER_DRF_LMT_REG","target_col":"OVER_DRF_LMT_REG"},
{"source_col":"INTER_RATE_REG","target_col":"INTER_RATE_REG"},
{"source_col":"OVER_DRF_LMT_TOD","target_col":"OVER_DRF_LMT_TOD"},
{"source_col":"INTER_RATE_TOD","target_col":"INTER_RATE_TOD"},
{"source_col":"LINE_EXPIRY_DATE_TOD","target_col":"LINE_EXPIRY_DATE_TOD"},
{"source_col":"NON_ACCRUAL_FLAG","target_col":"NON_ACCRUAL_FLAG"},
{"source_col":"TOTAL_AMT_DUE_REG","target_col":"TOTAL_AMT_DUE_REG"},
{"source_col":"TOTAL_AMT_DUE_TOD","target_col":"TOTAL_AMT_DUE_TOD"},
{"source_col":"OVER_LIMIT_DATE","target_col":"OVER_LIMIT_DATE"},
{"source_col":"TOTAL_DR_INTER_ACCRUED","target_col":"TOTAL_DR_INTER_ACCRUED"},
{"source_col":"ACCURED_DR_INTER_REG","target_col":"ACCURED_DR_INTER_REG"},
{"source_col":"ACCURED_DR_INTER_TOD","target_col":"ACCURED_DR_INTER_TOD"},
{"source_col":"NPA_PROV_ABS_VALUE","target_col":"NPA_PROV_ABS_VALUE"},
{"source_col":"NPA_PROV_ABS_VALUE_PER","target_col":"NPA_PROV_ABS_VALUE_PER"},
{"source_col":"FINANCIER_TYPE","target_col":"FINANCIER_TYPE"},
{"source_col":"SANCTION_DATE","target_col":"SANCTION_DATE"},
{"source_col":"PROPOSAL_ID","target_col":"PROPOSAL_ID"},
{"source_col":"AGREEMENT_ID","target_col":"AGREEMENT_ID"},
{"source_col":"DISB_TYPE","target_col":"DISB_TYPE"},
{"source_col":"BOMBKT","target_col":"BOMBKT"},
{"source_col":"DECILE","target_col":"DECILE"},
{"source_col":"NODE","target_col":"NODE"},
{"source_col":"NODESCORECARDNAME","target_col":"NODESCORECARDNAME"},
{"source_col":"NPASTAGEID","target_col":"NPASTAGEID"},
{"source_col":"PRINCIPALOUTSTANDING","target_col":"PRINCIPALOUTSTANDING"},
{"source_col":"PRIORITY","target_col":"PRIORITY"},
{"source_col":"PRODUCTFLAG","target_col":"PRODUCTFLAG"},
{"source_col":"SCORE","target_col":"SCORE"},
{"source_col":"SCORECARDNAME","target_col":"SCORECARDNAME"},
{"source_col":"STRATEGY","target_col":"STRATEGY"},
{"source_col":"RISK_BAND","target_col":"RISKBAND"},
{"source_col":"PRE_DUE_IDENTIFIER","target_col":"PRE_DUE_IDENTIFIER"},
{"source_col":"PRE_DUE_IDENTIFIER_UPDATE_DATE","target_col":"PRE_DUE_IDENTIFIER_UPDATE_DATE"},
{"source_col":"INP_FLAG","target_col":"INP_FLAG"},
{"source_col":"ACCT_TYPE","target_col":"ACCOUNT_TYPE"},
{"source_col":"BANK_NAME","target_col":"BANK_NAME"},
{"source_col":"LAST_EMI_PAYMENT_MODE","target_col":"LAST_EMI_PAYMENT_MODE"},
{"source_col":"SALESPOINTNAME","target_col":"SALESPOINTNAME"},
{"source_col":"BOM_POS","target_col":"BOM_POS"},
{"source_col":"UPLOAD_DATE","target_col":"UPLOAD_DATE"},
{"source_col":"salespointid","target_col":"salespointid"},
{"source_col":"FORECLOSURE_FLAG","target_col":"FORECLOSURE_FLAG"}
          ]
      },
	  {
        "source_table": "CFL_ACCOUNTDISBURSALDETAILS_CBS_STG",
        "target_table": "CFL_ACCOUNTDISBURSALDETAILS_STG",
		"col_mappings":[
		{"source_col":"APPL_ID","target_col":"APPL_ID"},
{"source_col":"DISBURSAL_DATE","target_col":"DISBURSAL_DATE"},
{"source_col":"DISBURSAL_AMOUNT","target_col":"DISBURSAL_AMOUNT"},
{"source_col":"CHEQUE_NO","target_col":"CHEQUE_NO"},
{"source_col":"CHEQUE_OF_BANK","target_col":"CHEQUE_OF_BANK"},
{"source_col":"CHEQUE_FAVOURING","target_col":"CHEQUE_FAVOURING"},
{"source_col":"MAP_CODE","target_col":"MAP_CODE"},
{"source_col":"FACILITY","target_col":"FACILITY"},
{"source_col":"AMOUNT_FINANCED","target_col":"AMOUNT_FINANCED"},
{"source_col":"DISBURSAL_SEQ_NO","target_col":"DISBURSAL_SEQ_NO"},
{"source_col":"BP_TYPE","target_col":"BP_TYPE"},
{"source_col":"UPLOAD_DATE","target_col":"UPLOAD_DATE"}
        ]
      },
	  {
        "source_table": "CFL_ACCOUNTPROPERTYDETAILS_CBS_STG",
        "target_table": "CFL_ACCOUNTPROPERTYDETAILS_STG",
		"col_mappings":[
		{"source_col":"APPL_ID","target_col":"APPL_ID"},
{"source_col":"PROPERTY_TYPE","target_col":"PROPERTY_TYPE"},
{"source_col":"PROPERTY_ADDRESS","target_col":"PROPERTY_ADDRESS"},
{"source_col":"PROPERTY_DESC","target_col":"PROPERTY_DESC"},
{"source_col":"CITY","target_col":"CITY"},
{"source_col":"PROPERTY_VAL_LATEST","target_col":"PROPERTY_VAL_LATEST"},
{"source_col":"BUILDER_DESC","target_col":"BUILDER_DESC"},
{"source_col":"LAWYER_DESC","target_col":"LAWYER_DESC"},
{"source_col":"PLOT_AREA","target_col":"PLOT_AREA"},
{"source_col":"BUILD_UP_AREA","target_col":"BUILD_UP_AREA"},
{"source_col":"MARKET_VALUE","target_col":"MARKET_VALUE"},
{"source_col":"PURCHASE_COST","target_col":"PURCHASE_COST"},
{"source_col":"PROPERTY_DATE_LATEST","target_col":"PROPERTY_DATE_LATEST"},
{"source_col":"INSURANCE_COMPANY","target_col":"INSURANCE_COMPANY"},
{"source_col":"NATURE_OF_INSURANCE","target_col":"NATURE_OF_INSURANCE"},
{"source_col":"INSURED_BY","target_col":"INSURED_BY"},
{"source_col":"PROPERTY_VAL_AT_FINANCE","target_col":"PROPERTY_VAL_AT_FINANCE"},
{"source_col":"PROPERTY_CATEGORY","target_col":"PROPERTY_CATEGORY"},
{"source_col":"ADDITIONAL_INFO","target_col":"ADDITIONAL_INFO"},
{"source_col":"NCE","target_col":"NCE"},
{"source_col":"PROPERTY_ADDR1","target_col":"PROPERTY_ADDR1"},
{"source_col":"PROPERTY_ADDR2","target_col":"PROPERTY_ADDR2"},
{"source_col":"PROPERTY_ADDR3","target_col":"PROPERTY_ADDR3"},
{"source_col":"PROPERTY_ID","target_col":"PROPERTY_ID"},
{"source_col":"MULTIPLE_PROPERTY_FLAG","target_col":"MULTIPLE_PROPERTY_FLAG"},
{"source_col":"UPLOAD_DATE","target_col":"UPLOAD_DATE"}
         ]
      },
	  {
        "source_table": "CFL_CONTACTADDRESSES_CBS_STG",
        "target_table": "CFL_CONTACTADDRESSES_STG",
		"col_mappings":[
		{"source_col":"CONTACT_REF","target_col":"CONTACT_REF"},
{"source_col":"ADDRESSTYPE","target_col":"ADDRESSTYPE"},
{"source_col":"ADDRESS1","target_col":"ADDRESS1"},
{"source_col":"ADDRESS2","target_col":"ADDRESS2"},
{"source_col":"ADDRESS3","target_col":"ADDRESS3"},
{"source_col":"ADDRESS4","target_col":"ADDRESS4"},
{"source_col":"ADDRESS5","target_col":"ADDRESS5"},
{"source_col":"POSTALCODE","target_col":"POSTALCODE"},
{"source_col":"ADDRESS6","target_col":"ADDRESS6"},
{"source_col":"COUNTRYCODE","target_col":"COUNTRYCODE"},
{"source_col":"ADDRESS7","target_col":"ADDRESS7"},
{"source_col":"ADDRESS8","target_col":"ADDRESS8"},
{"source_col":"ADDRESS9","target_col":"ADDRESS9"},
{"source_col":"ADDRESS10","target_col":"ADDRESS10"},
{"source_col":"VALID_FROM","target_col":"VALID_FROM"},
{"source_col":"VALID_TO","target_col":"VALID_TO"},
{"source_col":"IS_MAILING","target_col":"IS_MAILING"},
{"source_col":"UPLOAD_DATE","target_col":"UPLOAD_DATE"},
{"source_col":"LAST_UPDATED_DATE","target_col":"LAST_UPDATED_DATE"}
         ]
      },
	  {
        "source_table": "CFL_CONTACTPHONES_CBS_STG",
        "target_table": "CFL_CONTACTPHONES_STG",
		"col_mappings":[
		{"source_col":"CONTACT_REF","target_col":"CONTACT_REF"},
{"source_col":"PHONENUMBER","target_col":"PHONENUMBER"},
{"source_col":"PHONETYPE","target_col":"PHONETYPE"},
{"source_col":"VALID_FROM","target_col":"VALID_FROM"},
{"source_col":"VALID_TO","target_col":"VALID_TO"},
{"source_col":"IS_PREFERRED","target_col":"IS_PREFERRED"},
{"source_col":"UPLOAD_DATE","target_col":"UPLOAD_DATE"},
{"source_col":"LAST_UPDT_DATE","target_col":"LAST_UPDATED_DATE"}
        ]
      },
	  {
        "source_table": "CFL_CONTACTS_CBS_STG",
        "target_table": "CFL_CONTACTS_STG",
		"col_mappings":[
		{"source_col":"CONTACT_REF","target_col":"CONTACT_REF"},
{"source_col":"TITLE","target_col":"TITLE"},
{"source_col":"GIVENNAME","target_col":"GIVENNAME"},
{"source_col":"MIDDLENAME","target_col":"MIDDLENAME"},
{"source_col":"FAMILYNAME","target_col":"FAMILYNAME"},
{"source_col":"COMPANYNAME","target_col":"COMPANYNAME"},
{"source_col":"UPLOAD_DATE","target_col":"UPLOAD_DATE"}
        ]
      },
	  {
        "source_table": "CFL_COTACTEMAILS_CBS_STG",
        "target_table": "CFL_COTACTEMAILS_STG",
		"col_mappings":[
		{"source_col":"CONTACT_REF","target_col":"CONTACT_REF"},
{"source_col":"EMAILADDRESS","target_col":"EMAILADDRESS"},
{"source_col":"VALID_FROM","target_col":"VALID_FROM"},
{"source_col":"VALID_TO","target_col":"VALID_TO"},
{"source_col":"IS_PREFERRED","target_col":"IS_PREFERRED"},
{"source_col":"UPLOAD_DATE","target_col":"UPLOAD_DATE"},
{"source_col":"LAST_UPDATED_DATE","target_col":"LAST_UPDATED_DATE"}
        ]
      },
	  {
        "source_table": "CFL_CUSTOMERDETAILS_CBS_STG",
        "target_table": "CFL_CUSTOMERDETAILS_STG", 
		"col_mappings":[
		{"source_col":"ACCT_NUM","target_col":"ACCT_NUMBER"},
{"source_col":"CUST_ID","target_col":"CUSTOMER_ID"},
{"source_col":"CUST_NAME","target_col":"CUST_NAME"},
{"source_col":"SALU","target_col":"SALUTATION"},
{"source_col":"SEX","target_col":"SEX"},
{"source_col":"DOB","target_col":"DOB"},
{"source_col":"NATIONALITY","target_col":"NATIONALITY"},
{"source_col":"MARITAL_STAT","target_col":"MARITAL_STATUS"},
{"source_col":"PASSPORT_NO","target_col":"PASSPORT_NO"},
{"source_col":"DL_NO","target_col":"DL_NO"},
{"source_col":"SSN","target_col":"SSN"},
{"source_col":"CONSTITUTION","target_col":"CONSTITUTION"},
{"source_col":"PROFESSION","target_col":"PROFESSION"},
{"source_col":"INDUSTRY","target_col":"INDUSTRY"},
{"source_col":"CURRENT_ORG","target_col":"CURRENT_ORG"},
{"source_col":"PREV_ORG","target_col":"PREV_ORG"},
{"source_col":"DESIG","target_col":"DESIG"},
{"source_col":"PAN_NO","target_col":"PAN_NO"},
{"source_col":"COAPPLN_FLAG","target_col":"CUSTCOAPPLICANTFLAG"},
{"source_col":"ADDON_CARD","target_col":"ADD_ON_CARD"},
{"source_col":"CIF_NUM","target_col":"CIF_NUMBER"},
{"source_col":"DELINQUECY_MNTHS","target_col":"DELINQUENCY_MONTHS"},
{"source_col":"BRANCH_CODE","target_col":"BRANCH_CODE"},
{"source_col":"BPTYPE_CODE","target_col":"BPTYPE_CODE"},
{"source_col":"CARD_NUM","target_col":"CARD_NUMBER"},
{"source_col":"REGION_CODE","target_col":"REGION_CODE"},
{"source_col":"MAP_CODE","target_col":"MAP_CODE"},
{"source_col":"PROPOSAL_ID","target_col":"PROPOSAL_ID"},
{"source_col":"COLL_BUSS_TYPE","target_col":"COLL_BUSINESS_TYPE"},
{"source_col":"CUSTOMER_TYPE","target_col":"CUSTOMER_TYPE"},
{"source_col":"BUSINESS_GROUP","target_col":"BUSINESS_GROUP"},
{"source_col":"BUSINESS_REG_NO","target_col":"BUSINESS_REG_NO"},
{"source_col":"DATE_OF_INCORP","target_col":"DATE_OF_INCORPORATION"},
{"source_col":"BUSINESS_SECTOR","target_col":"BUSINESS_SECTOR"},
{"source_col":"REGION","target_col":"REGION"},
{"source_col":"DATE_OF_COMM","target_col":"DATE_OF_COMMENCEMENT"},
{"source_col":"TURNOVER","target_col":"TURNOVER"},
{"source_col":"RELATIONSHIP_MGR","target_col":"RLTNSHP_MGR_ID"},
{"source_col":"STAKE_PERCENTAGE","target_col":"STAKE_PERC"},
{"source_col":"DEAL_ID","target_col":"DEAL_ID"},
{"source_col":"LANGUAGE_CODE","target_col":"LANGUAGE_CODE"},
{"source_col":"UPLOAD_DATE","target_col":"UPLOAD_DATE"}
        ]
      },
	  {   
	    "source_table": "CFL_TPSLFEEDBACK_CBS_STG",
        "target_table": "CFL_TPSLFEEDBACK_STG",
		"col_mappings":[
		{"source_col":"APPL_ID","target_col":"APPL_ID"},
{"source_col":"BOUNCE_DATE","target_col":"BOUNCE_DATE"},
{"source_col":"BOUNCE_REASON","target_col":"BOUNCE_REASON"},
{"source_col":"NET_BOUNCE_DATE","target_col":"NET_BOUNCE_DATE"},
{"source_col":"NET_BOUNCE_REASON","target_col":"NET_BOUNCE_REASON"},
{"source_col":"UPLOAD_DATE","target_col":"UPLOAD_DATE"},
{"source_col":"STATUS","target_col":"STATUS"},
{"source_col":"BANK_NAME","target_col":"BANK_NAME"},
{"source_col":"REPRESENT_FLAG","target_col":"REPRESENT_FLAG"}
        ]
      }
    ]
	}