{

	"config": {
		"connection_url": "i2GwE6zEmocv54JUSSZu35VeHlCJD8oMcsDShO6n4oJ7Yqh1KsO0JMn7SMjoXaJBdhMjY42Gxopb7jkOM6FK3Lu40Aokgsy22zZdoJjAVsS6Yoeicf2FhqXTEZh4aMr431EbVfW9c/w=",
		"field_separator": "|",
		"email_address": {		
		"to_addr":["aniket.naik4321@gmail.com"], 
		"cc_addr":["aniket.naik321@gmail.com"],
		"bcc_addr":["aniket.naik@hoonartek.com"]
		},
		"skip_header_row": true,
		"output_directory": "C:\\Users\\AKN\\Documents\\DataValidationUtility\\results",
		"update_interface":true,
		"update_staging":false,
		"interface_table_name":"InterfaceRecords",
		"interface_log_table_name":"InterfaceLog",
		"contact_details_file_path":"C:\\Users\\AKN\\Documents\\DataValidationUtility\\cc_prime\\Contact\\CCContactDetails.txt",
		"relation_file_path":"C:\\Users\\AKN\\Documents\\DataValidationUtility\\cc_prime\\Contact\\CCRelationshipUAT.txt"
		
	},
		
	
	"staging_tables": ["CFL_CC_ACCOUNTDETAILS", "CFL_CC_CUSTOMERDETAILS", "CONTACTEMAILS", "CONTACTTYPES","CONTACTS"],
	"interface_rows":[
	
	{
	"interface_id":"22",
	"file_path":"C:\\Users\\AKN\\Documents\\DataValidationUtility\\cc_prime\\Debt\\CCCustomerUAT1.txt",
	"fixed_present":false,
	"fixed_values":[],
	"source_row_indices":[1,-1,-1,-1,-1,-1,-1,4,70,71,72,73,74,75,76,77,78,79,80,81,82,99,100,129,130,131.142,143,144,145,146,147],
	"data_columns":[10,11,14,21,28,29,35,39,51,52,57,60,84]
        },
	{
	"interface_id":"23",
	"file_path":"C:\\Users\\AKN\\Documents\\DataValidationUtility\\cc_prime\\Debt\\CCAccountUAT1.txt",
	"fixed_present":false,
	"fixed_values":[],
	"source_row_indices":[2,-1,-1,-1,-1,-1,-1,3,5,6,7,8,9,10,11,12,13,14,15,16,17,18,19,20,21,22,23,24,25,26,27,28,29,30,33,34,35,36,37,38,39,40,41,42,43,44,45,46,47,48,49,50,51,52,53,54,55,56,57,58,59,60,61,62,63,64,65,66,67,68,69,83,84,127,128],
	"data_columns":[10,11,14,21,28,29,35,39,51,52,57,60,84]
        },
	
        {
	"interface_id":"19",
	"file_path":"C:\\Users\\AKN\\Documents\\DataValidationUtility\\cc_prime\\Contact\\ContactPhoneUAT.txt",
	"fixed_present":true,
	"fixed_values":["CUSTOMER_MOBILE_NUMBER","CUSTMOB"],
	"source_row_indices":[-2,-3,95,-3],
	"data_columns":[]
	},
	
	{
	"interface_id":"19",
	"file_path":"C:\\Users\\AKN\\Documents\\DataValidationUtility\\cc_prime\\Contact\\ContactPhoneUAT.txt",
	"fixed_present":true,
	"fixed_values":["RESIDENTIAL_PHONE1","CUSTRES1"],
	"source_row_indices":[-2,-3,97,-3],
	"data_columns":[]
	},
	{
	"interface_id":"19",
	"file_path":"C:\\Users\\AKN\\Documents\\DataValidationUtility\\cc_prime\\Contact\\ContactPhoneUAT.txt",
	"fixed_present":true,
	"fixed_values":["RESIDENTIAL_PHONE2","CUSTRES2"],
	"source_row_indices":[-2,-3,98,-3],
	"data_columns":[]
        },
        {
	"interface_id":"19",
	"file_path":"C:\\Users\\AKN\\Documents\\DataValidationUtility\\cc_prime\\Contact\\ContactPhoneUAT.txt",
	"fixed_present":true,
	"fixed_values":["OFFICE_PHONE1","CUSTOFF1"],
	"source_row_indices":[-2,-3,111,-3],
	"data_columns":[]
        },
	{
	"interface_id":"19",
	"file_path":"C:\\Users\\AKN\\Documents\\DataValidationUtility\\cc_prime\\Contact\\ContactPhoneUAT.txt",
	"fixed_present":true,
	"fixed_values":["OFFICE_PHONE2","CUSTOFF2"],
	"source_row_indices":[-2,-3,112,-3],
	"data_columns":[]
        },
	{
	"interface_id":"19",
	"file_path":"C:\\Users\\AKN\\Documents\\DataValidationUtility\\cc_prime\\Contact\\ContactPhoneUAT.txt",
	"fixed_present":true,
	"fixed_values":["PERMANENT_PHONE1","CUSTPERMPH1"],
	"source_row_indices":[-2,-3,124,-3],
	"data_columns":[]
        },
	{
	"interface_id":"19",
	"file_path":"C:\\Users\\AKN\\Documents\\DataValidationUtility\\cc_prime\\Contact\\ContactPhoneUAT.txt",
	"fixed_present":true,
	"fixed_values":["PERMANENT_PHONE2","CUSTPERMPH2"],
	"source_row_indices":[-2,-3,125,-3],
	"data_columns":[]
        },
		
		
		{
	"interface_id":"18",
	"file_path":"C:\\Users\\AKN\\Documents\\DataValidationUtility\\cc_prime\\Contact\\CCContactAddressUAT.txt",
	"fixed_present":true,
	"fixed_values":["CURRRES"],
	"source_row_indices":[-2,31,32,85,86,87,88,89,90,91,92,93,94,-3],
	"data_columns":[]
	},
	
	{
	"interface_id":"18",
	"file_path":"C:\\Users\\AKN\\Documents\\DataValidationUtility\\cc_prime\\Contact\\CCContactAddressUAT.txt",
	"fixed_present":true,
	"fixed_values":["OFFICE"],
	"source_row_indices":[-2,101,102,103,104,105,106,107,108,109,110,-3],
	"data_columns":[]
	},
	{
	"interface_id":"18",
	"file_path":"C:\\Users\\AKN\\Documents\\DataValidationUtility\\cc_prime\\Contact\\CCContactAddressUAT.txt",
	"fixed_present":true,
	"fixed_values":["PERM"],
	"source_row_indices":[-2,114,115,116,117,118,119,120,121,122,123,-3],
	"data_columns":[]
        },
        {
	"interface_id":"18",
	"file_path":"C:\\Users\\AKN\\Documents\\DataValidationUtility\\cc_prime\\Contact\\CCContactAddressUAT.txt",
	"fixed_present":true,
	"fixed_values":["ADDON","IND","ADDONRES"],
	"source_row_indices":[-2,131,132,-3,133,134,135,136,137,138,-3,-1,-3],
	"data_columns":[]
        },
	{
	"interface_id":"20",
	"file_path":"C:\\Users\\AKN\\Documents\\DataValidationUtility\\cc_prime\\Contact\\CCContactEmailUAT.txt",
	"fixed_present":false,
	"fixed_values":[],
	"source_row_indices":[-2,96,113,126,140,141,-1],
	"data_columns":[]
        }
	],


	"input_fields": [{"field_name": "CUSTOMER_IDENTIFICATION_NUMBER","is_auto":false,"is_referenced":false,"referenced_column":"",
	"referenced_table":"","field_type": "string",
	"mappings": [{"mapped_table_name": "CFL_CC_CUSTOMERDETAILS","mapped_field_name": "CUSTOMER_IDENTIFICATION_NUMBER"}],
	
	"rules": [
                {
          "rule_code": "REQUIRED",
          "extra_param": [],
          "error_message": "Customer ID is mandatory",
          "suggestion": ""
        }       
      ] 
	},
	
{"field_name": "ACCOUNT_NUMBER","is_auto":false,"is_referenced":false,"referenced_column":"","referenced_table":"","field_type": "string",

"mappings": [{"mapped_table_name": "CFL_CC_ACCOUNTDETAILS","mapped_field_name": "ACCOUNT_NUMBER"}],
"rules": [
                {
          "rule_code": "REQUIRED",
          "extra_param": [],
          "error_message": "Account No is mandatory",
          "suggestion": ""
        }       
      ] 
},
{"field_name": "PRIMARY_CARD_NUMBER","is_auto":false,"is_referenced":false,"referenced_column":"","referenced_table":"","field_type": "string",
"mappings": [{"mapped_table_name": "CFL_CC_ACCOUNTDETAILS","mapped_field_name": "PRIMARY_CARD_NUMBER"}]},
{"field_name": "CUSTOMER_NAME","is_auto":false,"is_referenced":false,"referenced_column":"","referenced_table":"","field_type": "string","mappings": [{"mapped_table_name": "CFL_CC_CUSTOMERDETAILS","mapped_field_name": "CUSTOMER_NAME"}]},
{"field_name": "NEW_CASE_ADDED","is_auto":false,"is_referenced":false,"referenced_column":"","referenced_table":"","field_type": "string","mappings": [{"mapped_table_name": "CFL_CC_ACCOUNTDETAILS","mapped_field_name": "NEW_CASE_ADDED"}]},
{"field_name": "PRIME_ACCOUNT_DELINQUENCY_STATUS","is_auto":false,"is_referenced":false,"referenced_column":"","referenced_table":"","field_type": "string","mappings": [{"mapped_table_name": "CFL_CC_ACCOUNTDETAILS","mapped_field_name": "PRIME_ACCOUNT_DEL_STATUS"}]},
{"field_name": "PRIME_CASE_TYPE_","is_auto":false,"is_referenced":false,"referenced_column":"","referenced_table":"","field_type": "string","mappings": [{"mapped_table_name": "CFL_CC_ACCOUNTDETAILS","mapped_field_name": "PRIME_CASE_TYPE"}]},
{"field_name": "PRIME_CASE_TYPE_SEVERITY","is_auto":false,"is_referenced":false,"referenced_column":"","referenced_table":"","field_type": "string","mappings": [{"mapped_table_name": "CFL_CC_ACCOUNTDETAILS","mapped_field_name": "PRIME_CASE_TYPE_SEVERITY"}]},
{"field_name": "PRIME_ACCOUNT_GENERAL_STATUS","is_auto":false,"is_referenced":false,"referenced_column":"","referenced_table":"","field_type": "string","mappings": [{"mapped_table_name": "CFL_CC_ACCOUNTDETAILS","mapped_field_name": "PRIME_ACCOUNT_GENERAL_STATUS"}]},
{"field_name": "PRIME_ACCOUNT_OWNER_TYPE","is_auto":false,"is_referenced":false,"referenced_column":"","referenced_table":"","field_type": "string","mappings": [{"mapped_table_name": "CFL_CC_ACCOUNTDETAILS","mapped_field_name": "PRIME_ACCOUNT_OWNER_TYPE"}]},
{"field_name": "PRIME_COLLECTION_CREATION_DATE","is_auto":false,"is_referenced":false,"referenced_column":"","referenced_table":"","field_type": "date","mappings": [{"mapped_table_name": "CFL_CC_ACCOUNTDETAILS","mapped_field_name": "PRIME_COLLECTION_CREATION_DATE"}]},
{"field_name": "PRIME_COLLECTIONS_EXITED_DATE","is_auto":false,"is_referenced":false,"referenced_column":"","referenced_table":"","field_type": "date","mappings": [{"mapped_table_name": "CFL_CC_ACCOUNTDETAILS","mapped_field_name": "PRIME_COLLECTIONS_EXITED_DATE"}]},
{"field_name": "LOGO","is_auto":false,"is_referenced":false,"referenced_column":"","referenced_table":"","field_type": "string","mappings": [{"mapped_table_name": "CFL_CC_ACCOUNTDETAILS","mapped_field_name": "LOGO"}]},
{"field_name": "LOGO_DESCRIPTION","is_auto":false,"is_referenced":false,"referenced_column":"","referenced_table":"","field_type": "string","mappings": [{"mapped_table_name": "CFL_CC_ACCOUNTDETAILS","mapped_field_name": "LOGO_DESCRIPTION"}]},
{"field_name": "CARD_OPEN_DATE","is_auto":false,"is_referenced":false,"referenced_column":"","referenced_table":"","field_type": "date","mappings": [{"mapped_table_name": "CFL_CC_ACCOUNTDETAILS","mapped_field_name": "CARD_OPEN_DATE"}]},
{"field_name": "CARD_BLOCKED_STATUS","is_auto":false,"is_referenced":false,"referenced_column":"","referenced_table":"","field_type": "string","mappings": [{"mapped_table_name": "CFL_CC_ACCOUNTDETAILS","mapped_field_name": "CARD_BLOCKED_STATUS"}]},
{"field_name": "CREDIT_LIMIT","is_auto":false,"is_referenced":false,"referenced_column":"","referenced_table":"","field_type": "string","mappings": [{"mapped_table_name": "CFL_CC_ACCOUNTDETAILS","mapped_field_name": "CREDIT_LIMIT"}]},
{"field_name": "CASH_LIMIT","is_auto":false,"is_referenced":false,"referenced_column":"","referenced_table":"","field_type": "string","mappings": [{"mapped_table_name": "CFL_CC_ACCOUNTDETAILS","mapped_field_name": "CASH_LIMIT"}]},
{"field_name": "AD_MANDATE_SB_ACC_NUMBER","is_auto":false,"is_referenced":false,"referenced_column":"","referenced_table":"","field_type": "string","mappings": [{"mapped_table_name": "CFL_CC_ACCOUNTDETAILS","mapped_field_name": "AD_MANDATE_SB_ACC_NUMBER"}]},
{"field_name": "AD_MANDATE_ACCOUNT_TYPE","is_auto":false,"is_referenced":false,"referenced_column":"","referenced_table":"","field_type": "string","mappings": [{"mapped_table_name": "CFL_CC_ACCOUNTDETAILS","mapped_field_name": "AD_MANDATE_ACCOUNT_TYPE"}]},
{"field_name": "BILLING_CYCLE","is_auto":false,"is_referenced":false,"referenced_column":"","referenced_table":"","field_type": "string","mappings": [{"mapped_table_name": "CFL_CC_ACCOUNTDETAILS","mapped_field_name": "BILLING_CYCLE"}]},
{"field_name": "LAST_STATEMENT_DATE","is_auto":false,"is_referenced":false,"referenced_column":"","referenced_table":"","field_type": "date","mappings": [{"mapped_table_name": "CFL_CC_ACCOUNTDETAILS","mapped_field_name": "LAST_STATEMENT_DATE"}]},
{"field_name": "STATEMENTED_OPENING_BALANCE","is_auto":false,"is_referenced":false,"referenced_column":"","referenced_table":"","field_type": "string","mappings": [{"mapped_table_name": "CFL_CC_ACCOUNTDETAILS","mapped_field_name": "STATEMENTED_OPENING_BALANCE"}]},
{"field_name": "STATEMENTED_CLOSING_BALANCE/PAYMENT_CYCLE_DUE","is_auto":false,"is_referenced":false,"referenced_column":"","referenced_table":"","field_type": "string","mappings": [{"mapped_table_name": "CFL_CC_ACCOUNTDETAILS","mapped_field_name": "STMT_CLOSE_BAL_PYMT_CYC_DUE"}]},
{"field_name": "CURRENT_MINIMUM_AMOUNT_DUE","is_auto":false,"is_referenced":false,"referenced_column":"","referenced_table":"","field_type": "string","mappings": [{"mapped_table_name": "CFL_CC_ACCOUNTDETAILS","mapped_field_name": "CURRENT_MINIMUM_AMOUNT_DUE"}]},
{"field_name": "STATEMENTED_DPD","is_auto":false,"is_referenced":false,"referenced_column":"","referenced_table":"","field_type": "string","mappings": [{"mapped_table_name": "CFL_CC_ACCOUNTDETAILS","mapped_field_name": "STATEMENTED_DPD"}]},
{"field_name": "STATEMENTED_BUCKET","is_auto":false,"is_referenced":false,"referenced_column":"","referenced_table":"","field_type": "string","mappings": [{"mapped_table_name": "CFL_CC_ACCOUNTDETAILS","mapped_field_name": "STATEMENTED_BUCKET"}]},
{"field_name": "STATEMENTED_BLOCK_CODE","is_auto":false,"is_referenced":false,"referenced_column":"","referenced_table":"","field_type": "string","mappings": [{"mapped_table_name": "CFL_CC_ACCOUNTDETAILS","mapped_field_name": "STATEMENTED_BLOCK_CODE"}]},
{"field_name": "STATEMENTED_DUE_DATE_(PRINTED)","is_auto":false,"is_referenced":false,"referenced_column":"","referenced_table":"","field_type": "date","mappings": [{"mapped_table_name": "CFL_CC_ACCOUNTDETAILS","mapped_field_name": "STATEMENTED_DUE_DATE_PRINTED"}]},
{"field_name": "STATEMENTED_DUE_DATE_(SYSTEM)","is_auto":false,"is_referenced":false,"referenced_column":"","referenced_table":"","field_type": "date","mappings": [{"mapped_table_name": "CFL_CC_ACCOUNTDETAILS","mapped_field_name": "STATEMENTED_DUE_DATE_SYSTEM"}]},
{"field_name": "LAST_STATEMENT_SENT_AT_ADDRESS_OR_NOT_FLAG","is_auto":true,"is_referenced":false,"referenced_column":"","referenced_table":"","field_type": "string","mappings": [{"mapped_table_name": "CFL_CC_ACCOUNTDETAILS","mapped_field_name": "LAST_PAYMENT_MODE"}]},
{"field_name": "LAST_STATEMENT_SENT_AT_ADDRESS_TYPE","is_auto":true,"is_referenced":false,"referenced_column":"","referenced_table":"","field_type": "string","mappings": [{"mapped_table_name": "CFL_CC_ACCOUNTDETAILS","mapped_field_name": "LAST_PAYMENT_MODE"}]},
{"field_name": "CURRENT_BALANCE_AMOUNT","is_auto":false,"is_referenced":false,"referenced_column":"","referenced_table":"","field_type": "string","mappings": [{"mapped_table_name": "CFL_CC_ACCOUNTDETAILS","mapped_field_name": "CURRENT_BALANCE_AMOUNT"}]},
{"field_name": "CURRENT_TOTAL_AMOUNT_DUE","is_auto":false,"is_referenced":false,"referenced_column":"","referenced_table":"","field_type": "string","mappings": [{"mapped_table_name": "CFL_CC_ACCOUNTDETAILS","mapped_field_name": "CURRENT_TOTAL_AMOUNT_DUE"}]},
{"field_name": "PRIME_OVERLIMIT_AMOUNT","is_auto":false,"is_referenced":false,"referenced_column":"","referenced_table":"","field_type": "string","mappings": [{"mapped_table_name": "CFL_CC_ACCOUNTDETAILS","mapped_field_name": "PRIME_OVERLIMIT_AMOUNT"}]},
{"field_name": "DPD_EXTRACTION_DATE","is_auto":false,"is_referenced":false,"referenced_column":"","referenced_table":"","field_type": "date","mappings": [{"mapped_table_name": "CFL_CC_ACCOUNTDETAILS","mapped_field_name": "DPD_EXTRACTION_DATE"}]},
{"field_name": "CURRENT_DPD","is_auto":false,"is_referenced":false,"referenced_column":"","referenced_table":"","field_type": "string","mappings": [{"mapped_table_name": "CFL_CC_ACCOUNTDETAILS","mapped_field_name": "CURRENT_DPD"}]},
{"field_name": "CURRENT_BUCKET","is_auto":false,"is_referenced":false,"referenced_column":"","referenced_table":"","field_type": "string","mappings": [{"mapped_table_name": "CFL_CC_ACCOUNTDETAILS","mapped_field_name": "CURRENT_BUCKET"}]},
{"field_name": "CURRENT_BLOCK_CODE","is_auto":false,"is_referenced":false,"referenced_column":"","referenced_table":"","field_type": "string","mappings": [{"mapped_table_name": "CFL_CC_ACCOUNTDETAILS","mapped_field_name": "CURRENT_BLOCK_CODE"}]},
{"field_name": "CURRENT_BLOCK_CODE_DATE","is_auto":false,"is_referenced":false,"referenced_column":"","referenced_table":"","field_type": "date","mappings": [{"mapped_table_name": "CFL_CC_ACCOUNTDETAILS","mapped_field_name": "CURRENT_BLOCK_CODE_DATE"}]},
{"field_name": "PAST_DAYS_PAYMENT_DUE","is_auto":false,"is_referenced":false,"referenced_column":"","referenced_table":"","field_type": "string","mappings": [{"mapped_table_name": "CFL_CC_ACCOUNTDETAILS","mapped_field_name": "PAST_DAYS_PAYMENT_DUE"}]},
{"field_name": "30_DAYS_PAYMENT_DUE","is_auto":false,"is_referenced":false,"referenced_column":"","referenced_table":"","field_type": "string","mappings": [{"mapped_table_name": "CFL_CC_ACCOUNTDETAILS","mapped_field_name": "DAYS_PAYMENT_DUE_30"}]},
{"field_name": "60_DAYS_PAYMENT_DUE","is_auto":false,"is_referenced":false,"referenced_column":"","referenced_table":"","field_type": "string","mappings": [{"mapped_table_name": "CFL_CC_ACCOUNTDETAILS","mapped_field_name": "DAYS_PAYMENT_DUE_60"}]},
{"field_name": "90_DAYS_PAYMENT_DUE","is_auto":false,"is_referenced":false,"referenced_column":"","referenced_table":"","field_type": "string","mappings": [{"mapped_table_name": "CFL_CC_ACCOUNTDETAILS","mapped_field_name": "DAYS_PAYMENT_DUE_90"}]},
{"field_name": "120_DAYS_PAYMENT_DUE","is_auto":false,"is_referenced":false,"referenced_column":"","referenced_table":"","field_type": "string","mappings": [{"mapped_table_name": "CFL_CC_ACCOUNTDETAILS","mapped_field_name": "DAYS_PAYMENT_DUE_120"}]},
{"field_name": "150_DAYS_PAYMENT_DUE","is_auto":false,"is_referenced":false,"referenced_column":"","referenced_table":"","field_type": "string","mappings": [{"mapped_table_name": "CFL_CC_ACCOUNTDETAILS","mapped_field_name": "DAYS_PAYMENT_DUE_150"}]},
{"field_name": "180_DAYS_PAYMENT_DUE","is_auto":false,"is_referenced":false,"referenced_column":"","referenced_table":"","field_type": "string","mappings": [{"mapped_table_name": "CFL_CC_ACCOUNTDETAILS","mapped_field_name": "DAYS_PAYMENT_DUE_180"}]},
{"field_name": "210_DAYS_PAYMENT_DUE","is_auto":false,"is_referenced":false,"referenced_column":"","referenced_table":"","field_type": "string","mappings": [{"mapped_table_name": "CFL_CC_ACCOUNTDETAILS","mapped_field_name": "DAYS_PAYMENT_DUE_210"}]},
{"field_name": "TOTAL_PURCHASES","is_auto":false,"is_referenced":false,"referenced_column":"","referenced_table":"","field_type": "string","mappings": [{"mapped_table_name": "CFL_CC_ACCOUNTDETAILS","mapped_field_name": "TOTAL_PURCHASES"}]},
{"field_name": "LAST_PAYMENT_AMOUNT","is_auto":false,"is_referenced":false,"referenced_column":"","referenced_table":"","field_type": "string","mappings": [{"mapped_table_name": "CFL_CC_ACCOUNTDETAILS","mapped_field_name": "LAST_PAYMENT_AMOUNT"}]},
{"field_name": "LAST_PAYMENT_POSTING_DATE","is_auto":false,"is_referenced":false,"referenced_column":"","referenced_table":"","field_type": "date","mappings": [{"mapped_table_name": "CFL_CC_ACCOUNTDETAILS","mapped_field_name": "LAST_PAYMENT_POSTING_DATE"}]},
{"field_name": "LAST_PAYMENT_VALUE_DATE","is_auto":false,"is_referenced":false,"referenced_column":"","referenced_table":"","field_type": "date","mappings": [{"mapped_table_name": "CFL_CC_ACCOUNTDETAILS","mapped_field_name": "LAST_PAYMENT_VALUE_DATE"}]},
{"field_name": "LAST_PAYMENT_REMARK","is_auto":false,"is_referenced":false,"referenced_column":"","referenced_table":"","field_type": "string","mappings": [{"mapped_table_name": "CFL_CC_ACCOUNTDETAILS","mapped_field_name": "LAST_PAYMENT_REMARK"}]},
{"field_name": "LAST_PAYMENT_MODE","is_auto":false,"is_referenced":false,"referenced_column":"","referenced_table":"","field_type": "string","mappings": [{"mapped_table_name": "CFL_CC_ACCOUNTDETAILS","mapped_field_name": "LAST_PAYMENT_MODE"}]},
{"field_name": "LAST_PAYMENT_REFERENCE_NUMBER","is_auto":false,"is_referenced":false,"referenced_column":"","referenced_table":"","field_type": "string","mappings": [{"mapped_table_name": "CFL_CC_ACCOUNTDETAILS","mapped_field_name": "LAST_PAYMENT_REFERENCE_NUMBER"}]},
{"field_name": "LAST_PURCHASED_AMOUNT","is_auto":false,"is_referenced":false,"referenced_column":"","referenced_table":"","field_type": "string","mappings": [{"mapped_table_name": "CFL_CC_ACCOUNTDETAILS","mapped_field_name": "LAST_PURCHASED_AMOUNT"}]},
{"field_name": "LAST_PURCHASED_DATE","is_auto":false,"is_referenced":false,"referenced_column":"","referenced_table":"","field_type": "date","mappings": [{"mapped_table_name": "CFL_CC_ACCOUNTDETAILS","mapped_field_name": "LAST_PURCHASED_DATE"}]},
{"field_name": "LAST_PURCHASED_TRANSACTION_REMARK","is_auto":false,"is_referenced":false,"referenced_column":"","referenced_table":"","field_type": "string","mappings": [{"mapped_table_name": "CFL_CC_ACCOUNTDETAILS","mapped_field_name": "LAST_PURCHASED_TRANSACTION_REM"}]},
{"field_name": "LAST_CHEQUE_BOUNCE_AMOUNT","is_auto":false,"is_referenced":false,"referenced_column":"","referenced_table":"","field_type": "string","mappings": [{"mapped_table_name": "CFL_CC_ACCOUNTDETAILS","mapped_field_name": "LAST_CHEQUE_BOUNCE_AMOUNT"}],
"rules": [
                {
          "rule_code": "NUMBER_ONLY",
          "extra_param": [],
          "error_message": "LAST_CHEQUE_BOUNCE_AMOUNT is not in vlaid format",
          "suggestion": ""
        }       
      ]
},
{"field_name": "LAST_CHEQUE_BOUNCE_DATE","is_auto":false,"is_referenced":false,"referenced_column":"","referenced_table":"","field_type": "date","mappings": [{"mapped_table_name": "CFL_CC_ACCOUNTDETAILS","mapped_field_name": "LAST_CHEQUE_BOUNCE_DATE"}]},
{"field_name": "LAST_CHEQUE_BOUNCE_REASON","is_auto":false,"is_referenced":false,"referenced_column":"","referenced_table":"","field_type": "string","mappings": [{"mapped_table_name": "CFL_CC_ACCOUNTDETAILS","mapped_field_name": "LAST_CHEQUE_BOUNCE_REASON"}]},
{"field_name": "LAST_CHEQUE_BOUNCE_NUMBER","is_auto":false,"is_referenced":false,"referenced_column":"","referenced_table":"","field_type": "string","mappings": [{"mapped_table_name": "CFL_CC_ACCOUNTDETAILS","mapped_field_name": "LAST_CHEQUE_BOUNCE_NUMBER"}]},
{"field_name": "LAST_CHEQUE_ISSUANCE_BANK_NAME","is_auto":false,"is_referenced":false,"referenced_column":"","referenced_table":"","field_type": "string","mappings": [{"mapped_table_name": "CFL_CC_ACCOUNTDETAILS","mapped_field_name": "LAST_CHEQUE_ISSUANCE_BANK_NAME"}]},
{"field_name": "EMI_AMOUNT","is_auto":false,"is_referenced":false,"referenced_column":"","referenced_table":"","field_type": "string","mappings": [{"mapped_table_name": "CFL_CC_ACCOUNTDETAILS","mapped_field_name": "EMI_AMOUNT"}]},
{"field_name": "EMI_OUTSTANDING","is_auto":false,"is_referenced":false,"referenced_column":"","referenced_table":"","field_type": "string","mappings": [{"mapped_table_name": "CFL_CC_ACCOUNTDETAILS","mapped_field_name": "EMI_OUTSTANDING"}]},
{"field_name": "PRINCIPAL_BALANCE","is_auto":false,"is_referenced":false,"referenced_column":"","referenced_table":"","field_type": "string","mappings": [{"mapped_table_name": "CFL_CC_ACCOUNTDETAILS","mapped_field_name": "PRINCIPAL_BALANCE"}]},
{"field_name": "INTEREST","is_auto":false,"is_referenced":false,"referenced_column":"","referenced_table":"","field_type": "string","mappings": [{"mapped_table_name": "CFL_CC_ACCOUNTDETAILS","mapped_field_name": "INTEREST"}]},
{"field_name": "FEES","is_auto":false,"is_referenced":false,"referenced_column":"","referenced_table":"","field_type": "string","mappings": [{"mapped_table_name": "CFL_CC_ACCOUNTDETAILS","mapped_field_name": "FEES"}]},
{"field_name": "DELINQUENCY_STRING","is_auto":false,"is_referenced":false,"referenced_column":"","referenced_table":"","field_type": "string","mappings": [{"mapped_table_name": "CFL_CC_ACCOUNTDETAILS","mapped_field_name": "DELINQUENCY_STRING"}]},
{"field_name": "CUSTOMER_DOB","is_auto":false,"is_referenced":false,"referenced_column":"","referenced_table":"","field_type": "date","mappings": [{"mapped_table_name": "CFL_CC_CUSTOMERDETAILS","mapped_field_name": "CUSTOMER_DOB"}]},
{"field_name": "CUSTOMER_SALUTATION","is_auto":true,"is_referenced":false,"referenced_column":"","referenced_table":"","field_type": "string","mappings": [{"mapped_table_name": "CFL_CC_CUSTOMERDETAILS","mapped_field_name": "CUSTOMER_SALUTATION"}]},
{"field_name": "GENDER","is_auto":true,"is_referenced":false,"referenced_column":"","referenced_table":"","field_type": "string","mappings": [{"mapped_table_name": "CFL_CC_CUSTOMERDETAILS","mapped_field_name": "GENDER"}]},
{"field_name": "MARITAL_STATUS","is_auto":false,"is_referenced":false,"referenced_column":"","referenced_table":"","field_type": "string","mappings": [{"mapped_table_name": "CFL_CC_CUSTOMERDETAILS","mapped_field_name": "MARITAL_STATUS"}]},
{"field_name": "NATIONALITY","is_auto":false,"is_referenced":false,"referenced_column":"","referenced_table":"","field_type": "string","mappings": [{"mapped_table_name": "CFL_CC_CUSTOMERDETAILS","mapped_field_name": "NATIONALITY"}]},
{"field_name": "PROFESSION/CUSTOMER_TYPE","is_auto":false,"is_referenced":false,"referenced_column":"","referenced_table":"","field_type": "string","mappings": [{"mapped_table_name": "CFL_CC_CUSTOMERDETAILS","mapped_field_name": "PROFESSION_CUSTOMER_TYPE"}]},
{"field_name": "CUSTOMER_CITY/BRANCH_CODE","is_auto":true,"is_referenced":false,"referenced_column":"","referenced_table":"","field_type": "string","mappings": [{"mapped_table_name": "CFL_CC_CUSTOMERDETAILS","mapped_field_name": "CUSTOMER_CITY_BRANCH_CODE"}]},
{"field_name": "CUSTOMER_CITY/BRANCH_CODE_DESCRIPTION","is_auto":false,"is_referenced":false,"referenced_column":"","referenced_table":"","field_type": "string","mappings": [{"mapped_table_name": "CFL_CC_CUSTOMERDETAILS","mapped_field_name": "CUSTOMER_CITY_BRANCH_CODE_DESC"}]},
{"field_name": "CUSTOMER_PASSPORT_NUMBER","is_auto":false,"is_referenced":false,"referenced_column":"","referenced_table":"","field_type": "string","mappings": [{"mapped_table_name": "CFL_CC_CUSTOMERDETAILS","mapped_field_name": "CUSTOMER_PASSPORT_NUMBER"}]},
{"field_name": "CUSTOMER_PAN_NUMBER","is_auto":false,"is_referenced":false,"referenced_column":"","referenced_table":"","field_type": "string","mappings": [{"mapped_table_name": "CFL_CC_CUSTOMERDETAILS","mapped_field_name": "CUSTOMER_PAN_NUMBER"}]},
{"field_name": "CUSTOMER_DRIVING_LICENSE_NUMBER","is_auto":false,"is_referenced":false,"referenced_column":"","referenced_table":"","field_type": "string","mappings": [{"mapped_table_name": "CFL_CC_CUSTOMERDETAILS","mapped_field_name": "CUSTOMER_DRIVING_LICENSE_NUM"}]},
{"field_name": "CUSTOMER_VOTER_ID_NUMBER","is_auto":false,"is_referenced":false,"referenced_column":"","referenced_table":"","field_type": "string","mappings": [{"mapped_table_name": "CFL_CC_CUSTOMERDETAILS","mapped_field_name": "CUSTOMER_VOTER_ID_NUMBER"}]},
{"field_name": "CUSTOMER_AADHAAR_NUMBER","is_auto":false,"is_referenced":false,"referenced_column":"","referenced_table":"","field_type": "string","mappings": [{"mapped_table_name": "CFL_CC_CUSTOMERDETAILS","mapped_field_name": "CUSTOMER_AADHAAR_NUMBER"}]},

{"field_name": "WRITE_OFF_AMOUNT","is_auto":false,"is_referenced":false,"referenced_column":"","referenced_table":"","field_type": "string","mappings": [{"mapped_table_name": "CFL_CC_ACCOUNTDETAILS","mapped_field_name": "WRITE_OFF_AMOUNT"}]},
{"field_name": "WRITE_OFF_DATE","is_auto":false,"is_referenced":false,"referenced_column":"","referenced_table":"","field_type": "date","mappings": [{"mapped_table_name": "CFL_CC_ACCOUNTDETAILS","mapped_field_name": "WRITE_OFF_DATE"}]},
{"field_name": "ADDRESS_1_TYPE","is_auto":true,"is_referenced":false,"referenced_column":"","referenced_table":"","field_type": "string","mappings": [{"mapped_table_name": "CFL_CC_ACCOUNTDETAILS","mapped_field_name": "ADDRESS_1_TYPE"}]},
{"field_name": "RESIDENTIAL_ADDRESS_1","is_auto":true,"is_referenced":false,"referenced_column":"","referenced_table":"","field_type": "string","mappings": [{"mapped_table_name": "CONTACTADDRESSES","mapped_field_name": "ADDRESS1"}]},
{"field_name": "RESIDENTIAL_ADDRESS_2","is_auto":true,"is_referenced":false,"referenced_column":"","referenced_table":"","field_type": "string","mappings": [{"mapped_table_name": "CONTACTADDRESSES","mapped_field_name": "ADDRESS2"}]},
{"field_name": "RESIDENTIAL_ADDRESS_3","is_auto":true,"is_referenced":false,"referenced_column":"","referenced_table":"","field_type": "string","mappings": [{"mapped_table_name": "CONTACTADDRESSES","mapped_field_name": "ADDRESS3"}]},
{"field_name": "RESIDENTIAL_ADDRESS_4","is_auto":true,"is_referenced":false,"referenced_column":"","referenced_table":"","field_type": "string","mappings": [{"mapped_table_name": "CONTACTADDRESSES","mapped_field_name": "ADDRESS4"}]},
{"field_name": "RESIDENTIAL_CUSTOMER_CITY","is_auto":true,"is_referenced":false,"referenced_column":"","referenced_table":"","field_type": "string","mappings": [{"mapped_table_name": "CONTACTADDRESSES","mapped_field_name": "ADDRESS5"}]},
{"field_name": "RESIDENTIAL_CUSTOMER_STATE","is_auto":true,"is_referenced":false,"referenced_column":"","referenced_table":"","field_type": "string","mappings": [{"mapped_table_name": "CONTACTADDRESSES","mapped_field_name": "ADDRESS6"}]},
{"field_name": "RESIDENTIAL_PIN_CODE","is_auto":true,"is_referenced":false,"referenced_column":"","referenced_table":"","field_type": "string","mappings": [{"mapped_table_name": "CONTACTADDRESSES","mapped_field_name": "ADDRESS7"}]},
{"field_name": "RESIDENTIAL_COUNTRY","is_auto":true,"is_referenced":false,"referenced_column":"","referenced_table":"","field_type": "string","mappings": [{"mapped_table_name": "CONTACTADDRESSES","mapped_field_name": "ADDRESS8"}]},
{"field_name": "IS_MAILING","is_auto":true,"is_referenced":false,"referenced_column":"","referenced_table":"","field_type": "string","mappings": [{"mapped_table_name": "CONTACTADDRESSES","mapped_field_name": "ISMAILING"}]},

{"field_name": "CUSTOMER_MOBILE_NUMBER","is_auto":false,"is_referenced":false,"referenced_column":"","referenced_table":"","field_type": "string","mappings": [{"mapped_table_name": "CONTACTPHONES","mapped_field_name": "PHONENUMBER"}]},
{"field_name": "CUSTOMER_PERSONAL_EMAIL_ID","is_auto":false,"is_referenced":false,"referenced_column":"","referenced_table":"","field_type": "string","mappings": [{"mapped_table_name": "CONTACTEMAILS","mapped_field_name": "EMAILADDRESS"}]

},
{"field_name": "RESIDENTIAL_PHONE1","is_auto":false,"is_referenced":false,"referenced_column":"","referenced_table":"","field_type": "string","mappings": [{"mapped_table_name": "CONTACTPHONES","mapped_field_name": "CUSTOMFIELD01"}]},
{"field_name": "RESIDENTIAL_PHONE2","is_auto":false,"is_referenced":false,"referenced_column":"","referenced_table":"","field_type": "string","mappings": [{"mapped_table_name": "CONTACTPHONES","mapped_field_name": "CUSTOMFIELD02"}]},
{"field_name": "CUSTOMER_EMPLOYER/OFFICE_NAME","is_auto":false,"is_referenced":false,"referenced_column":"","referenced_table":"","field_type": "string","mappings": [{"mapped_table_name": "CFL_CC_CUSTOMERDETAILS","mapped_field_name": "CUSTOMER_EMPLOYER_OFFICE_NAME"}]},
{"field_name": "OFFICE_DESIGNATION","is_auto":false,"is_referenced":false,"referenced_column":"","referenced_table":"","field_type": "string","mappings": [{"mapped_table_name": "CFL_CC_CUSTOMERDETAILS","mapped_field_name": "OFFICE_DESIGNATION"}]},

{"field_name": "ADDRESS_2_TYPE","is_auto":true,"is_referenced":false,"referenced_column":"","referenced_table":"","field_type": "string","mappings": [{"mapped_table_name": "CONTACTADDRESSES","mapped_field_name": "ADDRESS2"}]},
{"field_name": "CUSTOMER_EMPLOYER_ADDRESS_1","is_auto":true,"is_referenced":false,"referenced_column":"","referenced_table":"","field_type": "string","mappings": [{"mapped_table_name": "CFL_CC_ACCOUNTDETAILS","mapped_field_name": "CUSTOMER_EMPLOYER_ADDRESS_1"}]},
{"field_name": "CUSTOMER_EMPLOYER_ADDRESS_2","is_auto":true,"is_referenced":false,"referenced_column":"","referenced_table":"","field_type": "string","mappings": [{"mapped_table_name": "CFL_CC_ACCOUNTDETAILS","mapped_field_name": "CUSTOMER_EMPLOYER_ADDRESS_2"}]},
{"field_name": "CUSTOMER_EMPLOYER_ADDRESS_3","is_auto":true,"is_referenced":false,"referenced_column":"","referenced_table":"","field_type": "string","mappings": [{"mapped_table_name": "CFL_CC_ACCOUNTDETAILS","mapped_field_name": "CUSTOMER_EMPLOYER_ADDRESS_3"}]},
{"field_name": "CUSTOMER_EMPLOYER_ADDRESS_4","is_auto":true,"is_referenced":false,"referenced_column":"","referenced_table":"","field_type": "string","mappings": [{"mapped_table_name": "CFL_CC_ACCOUNTDETAILS","mapped_field_name": "CUSTOMER_EMPLOYER_ADDRESS_4"}]},
{"field_name": "CUSTOMER_OFFICE_CITY","is_auto":true,"is_referenced":false,"referenced_column":"","referenced_table":"","field_type": "string","mappings": [{"mapped_table_name": "CFL_CC_ACCOUNTDETAILS","mapped_field_name": "CUSTOMER_OFFICE_CITY"}]},
{"field_name": "CUSTOMER_OFFICE_STATE","is_auto":true,"is_referenced":false,"referenced_column":"","referenced_table":"","field_type": "string","mappings": [{"mapped_table_name": "CFL_CC_ACCOUNTDETAILS","mapped_field_name": "CUSTOMER_OFFICE_STATE"}]},
{"field_name": "CUSTOMER_OFFICE_PIN_CODE","is_auto":true,"is_referenced":false,"referenced_column":"","referenced_table":"","field_type": "string","mappings": [{"mapped_table_name": "CFL_CC_ACCOUNTDETAILS","mapped_field_name": "CUSTOMER_OFFICE_PIN_CODE"}]},
{"field_name": "CUSTOMER_OFFICE_COUNTRY","is_auto":true,"is_referenced":false,"referenced_column":"","referenced_table":"","field_type": "string","mappings": [{"mapped_table_name": "CFL_CC_ACCOUNTDETAILS","mapped_field_name": "CUSTOMER_OFFICE_COUNTRY"}]},
{"field_name": "IS_MAILING","is_auto":true,"is_referenced":false,"referenced_column":"","referenced_table":"","field_type": "string","mappings": [{"mapped_table_name": "CFL_CC_ACCOUNTDETAILS","mapped_field_name": "IS_MAILING"}]},
{"field_name": "OFFICE_PHONE1","is_auto":true,"is_referenced":false,"referenced_column":"","referenced_table":"","field_type": "string","mappings": [{"mapped_table_name": "CFL_CC_ACCOUNTDETAILS","mapped_field_name": "OFFICE_PHONE1"}]},
{"field_name": "OFFICE_PHONE2","is_auto":true,"is_referenced":false,"referenced_column":"","referenced_table":"","field_type": "string","mappings": [{"mapped_table_name": "CFL_CC_ACCOUNTDETAILS","mapped_field_name": "OFFICE_PHONE2"}]},
{"field_name": "CUSTOMERS_OFFICE_EMAIL_ID","is_auto":true,"is_referenced":false,"referenced_column":"","referenced_table":"","field_type": "string","mappings": [{"mapped_table_name": "CFL_CC_ACCOUNTDETAILS","mapped_field_name": "CUSTOMERS_OFFICE_EMAIL_ID"}]},
{"field_name": "ADDRESS_3_TYPE","is_auto":true,"is_referenced":false,"referenced_column":"","referenced_table":"","field_type": "string","mappings": [{"mapped_table_name": "CFL_CC_ACCOUNTDETAILS","mapped_field_name": "ADDRESS_3_TYPE"}]},
{"field_name": "PERMANENT_ADDRESS_1","is_auto":true,"is_referenced":false,"referenced_column":"","referenced_table":"","field_type": "string","mappings": [{"mapped_table_name": "CFL_CC_ACCOUNTDETAILS","mapped_field_name": "PERMANENT_ADDRESS_1"}]},
{"field_name": "PERMANENT_ADDRESS_2","is_auto":true,"is_referenced":false,"referenced_column":"","referenced_table":"","field_type": "string","mappings": [{"mapped_table_name": "CFL_CC_ACCOUNTDETAILS","mapped_field_name": "PERMANENT_ADDRESS_2"}]},
{"field_name": "PERMANENT_ADDRESS_3","is_auto":true,"is_referenced":false,"referenced_column":"","referenced_table":"","field_type": "string","mappings": [{"mapped_table_name": "CFL_CC_ACCOUNTDETAILS","mapped_field_name": "PERMANENT_ADDRESS_3"}]},
{"field_name": "PERMANENT_ADDRESS_4","is_auto":true,"is_referenced":false,"referenced_column":"","referenced_table":"","field_type": "string","mappings": [{"mapped_table_name": "CFL_CC_ACCOUNTDETAILS","mapped_field_name": "PERMANENT_ADDRESS_4"}]},
{"field_name": "PERMANENT_CITY","is_auto":true,"is_referenced":false,"referenced_column":"","referenced_table":"","field_type": "string","mappings": [{"mapped_table_name": "CFL_CC_ACCOUNTDETAILS","mapped_field_name": "PERMANENT_CITY"}]},
{"field_name": "PERMANENT_STATE","is_auto":true,"is_referenced":false,"referenced_column":"","referenced_table":"","field_type": "string","mappings": [{"mapped_table_name": "CFL_CC_ACCOUNTDETAILS","mapped_field_name": "PERMANENT_STATE"}]},
{"field_name": "PERMANENT_PIN_CODE","is_auto":true,"is_referenced":false,"referenced_column":"","referenced_table":"","field_type": "string","mappings": [{"mapped_table_name": "CFL_CC_ACCOUNTDETAILS","mapped_field_name": "PERMANENT_PIN_CODE"}]},
{"field_name": "PERMANENT_COUNTRY","is_auto":true,"is_referenced":false,"referenced_column":"","referenced_table":"","field_type": "string","mappings": [{"mapped_table_name": "CFL_CC_ACCOUNTDETAILS","mapped_field_name": "PERMANENT_COUNTRY"}]},
{"field_name": "IS_MAILING","is_auto":true,"is_referenced":false,"referenced_column":"","referenced_table":"","field_type": "string","mappings": [{"mapped_table_name": "CFL_CC_ACCOUNTDETAILS","mapped_field_name": "IS_MAILING"}]},
{"field_name": "PERMANENT_PHONE1","is_auto":true,"is_referenced":false,"referenced_column":"","referenced_table":"","field_type": "string","mappings": [{"mapped_table_name": "CFL_CC_ACCOUNTDETAILS","mapped_field_name": "PERMANENT_PHONE1"}]},
{"field_name": "PERMANENT_PHONE2","is_auto":true,"is_referenced":false,"referenced_column":"","referenced_table":"","field_type": "string","mappings": [{"mapped_table_name": "CFL_CC_ACCOUNTDETAILS","mapped_field_name": "PERMANENT_PHONE2"}]},
{"field_name": "CUSTOMERS_PERMANENT_EMAIL_ID","is_auto":true,"is_referenced":false,"referenced_column":"","referenced_table":"","field_type": "string","mappings": [{"mapped_table_name": "CFL_CC_ACCOUNTDETAILS","mapped_field_name": "CUSTOMERS_PERMANENT_EMAIL_ID"}]},
{"field_name": "ADD_ON_CARD_NUMBER","is_auto":true,"is_referenced":false,"referenced_column":"","referenced_table":"","field_type": "string","mappings": [{"mapped_table_name": "CFL_CC_ACCOUNTDETAILS","mapped_field_name": "ADD_ON_CARD_NUMBER"}]},
{"field_name": "ADD_ON_CARD_HOLDER_RELATIONSHIP_WITH_CUSTOMER","is_auto":true,"is_referenced":false,"referenced_column":"","referenced_table":"","field_type": "string","mappings": [{"mapped_table_name": "CFL_CC_ACCOUNTDETAILS","mapped_field_name": "ADD_ON_CRD_HOLDER_REL_WTH_CUST"}]},
{"field_name": "ADD_ON_FIRST_NAME","is_auto":true,"is_referenced":false,"referenced_column":"","referenced_table":"","field_type": "string","mappings": [{"mapped_table_name": "CFL_CC_CUSTOMERDETAILS","mapped_field_name": "ADD_ON_FIRST_NAME"}]},
{"field_name": "ADD_ON_LAST_NAME","is_auto":true,"is_referenced":false,"referenced_column":"","referenced_table":"","field_type": "string","mappings": [{"mapped_table_name": "CFL_CC_CUSTOMERDETAILS","mapped_field_name": "ADD_ON_LAST_NAME"}]},
{"field_name": "ADD_ON_ADDRESS_TYPE","is_auto":false,"is_referenced":false,"referenced_column":"","referenced_table":"","field_type": "string","mappings": [{"mapped_table_name": "CFL_CC_CUSTOMERDETAILS","mapped_field_name": "ADD_ON_ADDRESS_TYPE"}]},
{"field_name": "ADD_ON_ADDRESS_1","is_auto":true,"is_referenced":false,"referenced_column":"","referenced_table":"","field_type": "string","mappings": [{"mapped_table_name": "CFL_CC_ACCOUNTDETAILS","mapped_field_name": "ADD_ON_ADDRESS_1"}]},
{"field_name": "ADD_ON_ADDRESS_2","is_auto":true,"is_referenced":false,"referenced_column":"","referenced_table":"","field_type": "string","mappings": [{"mapped_table_name": "CFL_CC_ACCOUNTDETAILS","mapped_field_name": "ADD_ON_ADDRESS_2"}]},
{"field_name": "ADD_ON_ADDRESS_3","is_auto":true,"is_referenced":false,"referenced_column":"","referenced_table":"","field_type": "string","mappings": [{"mapped_table_name": "CFL_CC_ACCOUNTDETAILS","mapped_field_name": "ADD_ON_ADDRESS_3"}]},
{"field_name": "ADD_ON_ADDRESS_4","is_auto":true,"is_referenced":false,"referenced_column":"","referenced_table":"","field_type": "string","mappings": [{"mapped_table_name": "CFL_CC_ACCOUNTDETAILS","mapped_field_name": "ADD_ON_ADDRESS_4"}]},
{"field_name": "ADD_ON_PERMANENT_CITY","is_auto":true,"is_referenced":false,"referenced_column":"","referenced_table":"","field_type": "string","mappings": [{"mapped_table_name": "CFL_CC_CUSTOMERDETAILS","mapped_field_name": "ADD_ON_PERMANENT__CITY"}]},
{"field_name": "ADD_ON_PERMANENT_STATE","is_auto":true,"is_referenced":false,"referenced_column":"","referenced_table":"","field_type": "string","mappings": [{"mapped_table_name": "CFL_CC_ACCOUNTDETAILS","mapped_field_name": "ADD_ON_PERMANENT_STATE"}]},
{"field_name": "ADD_ON_PERMANENT_POST_CODE","is_auto":true,"is_referenced":false,"referenced_column":"","referenced_table":"","field_type": "string","mappings": [{"mapped_table_name": "CFL_CC_ACCOUNTDETAILS","mapped_field_name": "ADD_ON_PERMANENT_POST_CODE"}]},
{"field_name": "ADD_ON_PERMANENT_COUNTRY","is_auto":true,"is_referenced":false,"referenced_column":"","referenced_table":"","field_type": "string","mappings": [{"mapped_table_name": "CFL_CC_ACCOUNTDETAILS","mapped_field_name": "ADD_ON_PERMANENT_COUNTRY"}]},
{"field_name": "ADD_ON_PERSONAL_EMAIL_ID","is_auto":true,"is_referenced":false,"referenced_column":"","referenced_table":"","field_type": "string","mappings": [{"mapped_table_name": "CFL_CC_CUSTOMERDETAILS","mapped_field_name": "ADD_ON_PERSONAL_EMAIL_ID"}]

},
{"field_name": "ADD_ON_WORK_EMAIL_ID","is_auto":true,"is_referenced":false,"referenced_column":"","referenced_table":"","field_type": "string","mappings": [{"mapped_table_name": "CFL_CC_CUSTOMERDETAILS","mapped_field_name": "ADD_ON_WORK_EMAIL_ID"}]},
{"field_name": "ADD_ON_PASSPORT","is_auto":false,"is_referenced":false,"referenced_column":"","referenced_table":"","field_type": "string","mappings": [{"mapped_table_name": "CFL_CC_CUSTOMERDETAILS","mapped_field_name": "ADD_ON_PASSPORT"}]},
{"field_name": "ADD_ON_PAN_NO","is_auto":false,"is_referenced":false,"referenced_column":"","referenced_table":"","field_type": "string","mappings": [{"mapped_table_name": "CFL_CC_CUSTOMERDETAILS","mapped_field_name": "ADD_ON_PAN_NO"}]},
{"field_name": "ADD_ON_DRIVING_LICENSE_NO","is_auto":true,"is_referenced":false,"referenced_column":"","referenced_table":"","field_type": "string","mappings": [{"mapped_table_name": "CFL_CC_CUSTOMERDETAILS","mapped_field_name": "ADD_ON_DRIVING_LICENSE_NO"}]},
{"field_name": "ADD_ON_VOTER_ID_CARD","is_auto":false,"is_referenced":false,"referenced_column":"","referenced_table":"","field_type": "string","mappings": [{"mapped_table_name": "CFL_CC_CUSTOMERDETAILS","mapped_field_name": "ADD_ON_VOTER_ID_CARD"}]},
{"field_name": "ADD_ON_DESIGNATION","is_auto":false,"is_referenced":false,"referenced_column":"","referenced_table":"","field_type": "string","mappings": [{"mapped_table_name": "CFL_CC_CUSTOMERDETAILS","mapped_field_name": "ADD_ON_DESIGNATION"}]},
{"field_name": "ADD_ON_AADHAAR_CARD_NO ","is_auto":false,"is_referenced":false,"referenced_column":"","referenced_table":"","field_type": "string","mappings": [{"mapped_table_name": "CFL_CC_CUSTOMERDETAILS","mapped_field_name": "ADD_ON_AADHAAR_CARD_NO "}]},

{
			"field_name": "ACCOUNTS1",
			"is_auto":true,
			"is_referenced":false,
			"referenced_column":"",
			"referenced_table":"",
			"field_type": "string",
			"mappings": [
			{
				"mapped_table_name": "CFL_CC_ACCOUNTDETAILS",
				"mapped_field_name": "ACCOUNTS1"}
			]
			}
			,
			{
			"field_name": "CUSTOMERS1",
			"is_auto":true,
			"is_referenced":false,
			"referenced_column":"",
			"referenced_table":"",
			"field_type": "string",
			"mappings": [{
				"mapped_table_name": "CFL_CC_CUSTOMERDETAILS",
				"mapped_field_name": "CUSTOMERS1"
			}]}
			,
			
			{
			"field_name": "CONTACT_DETAILS_ID",
			"is_auto":true,
			"is_referenced":false,
			"referenced_column":"",
			"referenced_table":"",
			"field_type": "string",
			"mappings": [{
				"mapped_table_name": "CONTACTS",
				"mapped_field_name": "ID"
			}]
			},
			
			{
			"field_name": "CONTACT_ADDRESS_ID",
			"is_auto":true,
			"is_referenced":false,
			"referenced_column":"",
			"referenced_table":"",
			"field_type": "string",
			"mappings": [{
				"mapped_table_name": "CONTACTADDRESSES",
				"mapped_field_name": "ID"
			}]
			}

			
			],
			
			
			
			"copy_config":{
  
    "source_connection": "jdbc:sqlserver://localhost\\sqlexpress:1433;integratedSecurity=true;databaseName=STAGING_CBS",
    "target_connection": "jdbc:sqlserver://localhost\\sqlexpress:1433;integratedSecurity=true;databaseName=STAGING_STG",
    "table_mappings": [
      {
        "source_table": "CFL_ACCOUNTASSETDETAILS_CBS_STG",
        "target_table": "CFL_ACCOUNTASSETDETAILS_STG",
		"col_mappings":[
		{"source_col":"APPL_ID","target_col":"APPL_ID"},
{"source_col":"ASSET_DESC","target_col":"ASSET_DESC"},
{"source_col":"ASSET_COST","target_col":"ASSET_COST"},
{"source_col":"ADDITIONAL_INFO","target_col":"ADDITIONAL_INFO"},
{"source_col":"USERID","target_col":"USERID"},
{"source_col":"ASSET_CATEGORY","target_col":"ASSET_CATEGORY"},
{"source_col":"MAKE","target_col":"MAKE"},
{"source_col":"MODEL","target_col":"MODEL"},
{"source_col":"UPLOAD_DATE","target_col":"UPLOAD_DATE"},
{"source_col":"RC_NUM","target_col":"RC_NUM"},
{"source_col":"REG_NO","target_col":"REG_NO"},
{"source_col":"CHASIS_NO","target_col":"CHASIS_NO"}
		]		
      },
	  {
        "source_table": "CFL_ACCOUNTCONTACT_CBS_STG",
        "target_table": "CFL_ACCOUNTCONTACT_STG",
		"col_mappings":[
		{"source_col":"APPL_ID","target_col":"APPL_ID"},
{"source_col":"CONTACT_REF","target_col":"CONTACT_REF"},
{"source_col":"IS_SENSITIVE","target_col":"IS_SENSITIVE"},
{"source_col":"TYP","target_col":"TYPE"},
{"source_col":"VALID_FROM","target_col":"VALID_FROM"},
{"source_col":"VALID_TO","target_col":"VALID_TO"},
{"source_col":"UPLOAD_DATE","target_col":"UPLOAD_DATE"}
        ]
      },
	  {
        "source_table": "CFL_ACCOUNTDETAILS_CBS_STG",
        "target_table": "CFL_ACCOUNTDETAILS_STG",
		"col_mappings":[
		{"source_col":"APPL_ID","target_col":"APPL_ID"},
{"source_col":"CRNNUM","target_col":"CRNNUM"},
{"source_col":"FINANCER_ID","target_col":"FINANCIER_ID"},
{"source_col":"LOAN_TYPE","target_col":"LOAN_TYPE"},
{"source_col":"PRODUCT","target_col":"PRODUCT"},
{"source_col":"SCHEME","target_col":"SCHEME"},
{"source_col":"PURPOSE","target_col":"PURPOSE"},
{"source_col":"DISBURSAL_DATE","target_col":"DISBURSAL_DATE"},
{"source_col":"ASSET_COST","target_col":"ASSET_COST"},
{"source_col":"AMOUNT_FIN","target_col":"AMOUNT_FIN"},
{"source_col":"MARGIN_MONEY","target_col":"MARGIN_MONEY"},
{"source_col":"TENURE","target_col":"TENNURE"},
{"source_col":"REPAYMENT_FREQUENCY","target_col":"REPAYMENT_FREQUENCY"},
{"source_col":"INTEREST_RATE","target_col":"INTEREST_RATE"},
{"source_col":"NO_OF_INST","target_col":"NO_OF_INST"},
{"source_col":"INTEREST_TYPE","target_col":"INTEREST_TYPE"},
{"source_col":"SECURITY_DEPOSIT","target_col":"SECURITY_DEPOSIT"},
{"source_col":"RESIDUAL_VALUE","target_col":"RESIDUAL_VALUE"},
{"source_col":"OTHER_CHARGES","target_col":"OTHER_CHARGES"},
{"source_col":"GRACE_DAYS","target_col":"GRACE_DAYS"},
{"source_col":"GRACE_AMOUNT","target_col":"GRACE_AMOUNT"},
{"source_col":"HHNO","target_col":"HHNO"},
{"source_col":"VIP_FLAG","target_col":"VIP_FLAG"},
{"source_col":"AMNESTY_FLAG","target_col":"AMNESTY_FLAG"},
{"source_col":"LEGAL_FLAG","target_col":"LEGAL_FLAG"},
{"source_col":"DELINQUECY_STRING","target_col":"DELINQUENCY_STRING"},
{"source_col":"BUCKET","target_col":"BUCKET"},
{"source_col":"DPD","target_col":"DPD"},
{"source_col":"INSTALLMENT_DUE_DATE","target_col":"INSTALLMENT_DUE_DATE"},
{"source_col":"NO_OF_INST_OVERDUE","target_col":"NO_OF_INST_OVERDUE"},
{"source_col":"AMOUNT_OVERDUE","target_col":"AMOUNT_OVERDUE"},
{"source_col":"MIN_AMOUNT_OVERDUE","target_col":"MIN_AMOUNT_DUE"},
{"source_col":"NO_OF_INST_OUSTANDING","target_col":"NO_OF_INST_OUTSTANDING"},
{"source_col":"AMOUNT_OUTSANDING","target_col":"AMOUNT_OUTSTANDING"},
{"source_col":"TOTAL_CHARGES_OVERDUE","target_col":"TOTAL_CHARGES_OVERDUE"},
{"source_col":"PRINCIPAL_OVERDUE","target_col":"PRINCIPLE_OVERDUE"},
{"source_col":"PRINCIPAL_OUTSTANDING","target_col":"PRINCIPLE_OUTSTANDING"},
{"source_col":"INTEREST_OVERDUE","target_col":"INTEREST_OVERDUE"},
{"source_col":"INTEREST_OUTSTANDING","target_col":"INTEREST_OUTSTANDING"},
{"source_col":"CARD_TYPE","target_col":"CARD_TYPE"},
{"source_col":"CARD_CATG","target_col":"CARD_CATG"},
{"source_col":"NAME_ON_CARD","target_col":"NAME_ON_CARD"},
{"source_col":"SEND_BILL_TO","target_col":"SEND_BILL_TO"},
{"source_col":"NO_ADD_ON_CARDS","target_col":"NO_OF_ADDON_CARDS"},
{"source_col":"MEMO_BALANCE","target_col":"MEMO_BALANCE"},
{"source_col":"CREDIT_LIMIT","target_col":"CREDIT_LIMIT"},
{"source_col":"HI_BILLED","target_col":"HI_BILLED"},
{"source_col":"BUCKET1","target_col":"BUCKET1"},
{"source_col":"BUCKET2","target_col":"BUCKET2"},
{"source_col":"BUCKET3","target_col":"BUCKET3"},
{"source_col":"BUCKET4","target_col":"BUCKET4"},
{"source_col":"BUCKET5","target_col":"BUCKET5"},
{"source_col":"BUCKET6","target_col":"BUCKET6"},
{"source_col":"NO_OF_NSF","target_col":"NO_OF_NSF"},
{"source_col":"BUCKET7","target_col":"BUCKET7"},
{"source_col":"COLLECTION_CYCLE","target_col":"COLLECTION_CYCLE"},
{"source_col":"CARD_EXPIRY_DATE","target_col":"CARD_EXPIRY_DATE"},
{"source_col":"CIF_NUMBER","target_col":"CIF_NUMBER"},
{"source_col":"ACCT_NUMBER","target_col":"ACCT_NUMBER"},
{"source_col":"DELINQUECY_MONTHS","target_col":"DELINQUENCY_MONTHS"},
{"source_col":"BRANCH_CODE","target_col":"BRANCH_CODE"},
{"source_col":"INSTALLMENT_AMT","target_col":"INSTALLMENT_AMT"},
{"source_col":"INTEREST_APPLICATION_DATE","target_col":"INTEREST_APPLICATION_DATE"},
{"source_col":"PRODUCT_TYPE","target_col":"PRODUCT_TYPE"},
{"source_col":"CURRENT_ACC_BALANCE","target_col":"CURRENT_ACC_BALANCE"},
{"source_col":"CURRENT_CREDIT_LIMIT","target_col":"CURRENT_CREDIT_LIMIT"},
{"source_col":"DSA_ID","target_col":"DSA_ID"},
{"source_col":"DSA_NAME","target_col":"DSA_NAME"},
{"source_col":"CHARGE_OFF_FLAG","target_col":"CHARGE_OFF_FLAG"},
{"source_col":"CHARGE_OFF_DATE","target_col":"CHARGE_OFF_DATE"},
{"source_col":"DISB_AGENCY","target_col":"DISB_AGENCY"},
{"source_col":"CYCLE_STRING","target_col":"CYCLE_STRING"},
{"source_col":"SUB_PRODUCT_CODE","target_col":"SUB_PRODUCT_CODE"},
{"source_col":"DISB_DLR_NAME","target_col":"DISB_DLR_NAME"},
{"source_col":"CUST_CATG_HOST","target_col":"CUST_CATG_HOST"},
{"source_col":"BUCKET8","target_col":"BUCKET8"},
{"source_col":"BUCKET9","target_col":"BUCKET9"},
{"source_col":"BUCKET10","target_col":"BUCKET10"},
{"source_col":"LTV_PERCENTAGE","target_col":"LTV_PERCENTAGE"},
{"source_col":"ACCOUNT_CLOSED_FLG","target_col":"ACCOUNT_CLOSED_FLG"},
{"source_col":"LIMIT_AMOUNT","target_col":"LIMIT_AMOUNT"},
{"source_col":"LINE_EXPIRY_DATE","target_col":"LINE_EXPIRY_DATE"},
{"source_col":"OVER_LIMIT","target_col":"OVER_LIMIT"},
{"source_col":"NOC_STATUS","target_col":"NOC_STATUS"},
{"source_col":"EXCESS_AMOUNT","target_col":"EXCESS_AMOUNT"},
{"source_col":"RENEWAL_DATE","target_col":"RENEWAL_DATE"},
{"source_col":"COLLATERAL_FLAG","target_col":"COLLATERAL_FLAG"},
{"source_col":"RECOVERY_AMOUNT","target_col":"RECOVERY_AMOUNT"},
{"source_col":"DATE_OF_EXCESS","target_col":"DATE_OF_EXCESS"},
{"source_col":"LAST_EMI_COLLECTED","target_col":"LAST_EMI_COLLECTED"},
{"source_col":"LINES_IN_EXCESS","target_col":"LINES_IN_EXCESS"},
{"source_col":"CUST_NAME","target_col":"CUST_NAME"},
{"source_col":"CARD_NUMBER","target_col":"CARD_NUMBER"},
{"source_col":"RELATIONSHIP_NO","target_col":"RELATIONSHIP_NO"},
{"source_col":"REGION_CODE","target_col":"REGION_CODE"},
{"source_col":"BUCKET0","target_col":"BUCKET0"},
{"source_col":"CARD_CATG2","target_col":"CARD_CATG2"},
{"source_col":"CARD_CATG3","target_col":"CARD_CATG3"},
{"source_col":"CARD_CATG4","target_col":"CARD_CATG4"},
{"source_col":"CHARGE_OFF_REASON_CODE","target_col":"CHARGE_OFF_REASON_CODE"},
{"source_col":"MEMO_PERMANENT","target_col":"MEMO_PERMANENT"},
{"source_col":"LAST_CASH_ADVANCE_AMT","target_col":"LAST_CASH_ADVANCE_AMT"},
{"source_col":"LAST_CASH_ADVANCE_DATE","target_col":"LAST_CASH_ADVANCE_DATE"},
{"source_col":"LAST_CREDIT_LIMIT","target_col":"LAST_CREDIT_LIMIT"},
{"source_col":"LAST_DELINQUENCY_DATE","target_col":"LAST_DELINQUENCY_DATE"},
{"source_col":"LAST_PAYMENT_AMT","target_col":"LAST_PAYMENT_AMT"},
{"source_col":"LAST_PAYMENT_DATE","target_col":"LAST_PAYMENT_DATE"},
{"source_col":"LAST_PURCH_AMT","target_col":"LAST_PURCH_AMT"},
{"source_col":"LAST_PURCH_DATE","target_col":"LAST_PURCH_DATE"},
{"source_col":"LAST_RETURN_CHECK_DATE","target_col":"LAST_RETURN_CHECK_DATE"},
{"source_col":"LAST_STATEMENT_BALANCE","target_col":"LAST_STATEMENT_BALANCE"},
{"source_col":"LAST_STATEMENT_DATE","target_col":"LAST_STATEMENT_DATE"},
{"source_col":"NEXT_STATEMENT_DATE","target_col":"NEXT_STATEMENT_DATE"},
{"source_col":"LATE_FEES","target_col":"LATE_FEES"},
{"source_col":"LTD_NSF_NUMBER","target_col":"LTD_NSF_NUMBER"},
{"source_col":"LTD_PAYMENTS","target_col":"LTD_PAYMENTS"},
{"source_col":"OTHER_CHARGES2","target_col":"OTHER_CHARGES2"},
{"source_col":"OTHER_CHARGES3","target_col":"OTHER_CHARGES3"},
{"source_col":"OTHER_CHARGES4","target_col":"OTHER_CHARGES4"},
{"source_col":"OTHER_CHARGES5","target_col":"OTHER_CHARGES5"},
{"source_col":"OVER_LIMIT_FLAG","target_col":"OVER_LIMIT_FLAG"},
{"source_col":"PAYMENT_DUE_DATE","target_col":"PAYMENT_DUE_DATE"},
{"source_col":"SERVICE_CHARGE_BALANCE","target_col":"SERVICE_CHARGE_BALANCE"},
{"source_col":"TOTAL_AMT_DUE","target_col":"TOTAL_AMT_DUE"},
{"source_col":"TOTAL_CURR_DUE","target_col":"TOTAL_CURR_DUE"},
{"source_col":"ADA_ACCOUNT","target_col":"ADA_ACCOUNT"},
{"source_col":"ADA_BANK_ID","target_col":"ADA_BANK_ID"},
{"source_col":"ADA_PREFERENCE_AMT","target_col":"ADA_PREFERENCE_AMT"},
{"source_col":"CASH_AVAILABLE","target_col":"CASH_AVAILABLE"},
{"source_col":"CASH_BALANCE","target_col":"CASH_BALANCE"},
{"source_col":"CASH_DEBIT","target_col":"CASH_DEBIT"},
{"source_col":"CASH_IBNP","target_col":"CASH_IBNP"},
{"source_col":"CASH_SERVICE_CHARGE","target_col":"CASH_SERVICE_CHARGE"},
{"source_col":"CASH_WITHDRAWAL_LIMIT","target_col":"CASH_WITHDRAWAL_LIMIT"},
{"source_col":"CREDIT_LIMIT_DATE","target_col":"CREDIT_LIMIT_DATE"},
{"source_col":"CYCLE_DUE","target_col":"CYCLE_DUE"},
{"source_col":"HI_BILLED_DATE","target_col":"HI_BILLED_DATE"},
{"source_col":"ACCOUNT_BLOCK_CODE1","target_col":"ACCOUNT_BLOCK_CODE1"},
{"source_col":"ACCOUNT_BLOCK_CODE1_DATE","target_col":"ACCOUNT_BLOCK_CODE1_DATE"},
{"source_col":"ACCOUNT_BLOCK_CODE2","target_col":"ACCOUNT_BLOCK_CODE2"},
{"source_col":"ACCOUNT_BLOCK_CODE2_DATE","target_col":"ACCOUNT_BLOCK_CODE2_DATE"},
{"source_col":"CUSTOMER_INCOME","target_col":"CUSTOMER_INCOME"},
{"source_col":"PCT","target_col":"PCT"},
{"source_col":"PROMO_CODE","target_col":"PROMO_CODE"},
{"source_col":"SOURCE_CODE","target_col":"SOURCE_CODE"},
{"source_col":"CIF","target_col":"CIF"},
{"source_col":"REWARD_POINTS","target_col":"REWARD_POINTS"},
{"source_col":"APPL_REF_NUMBER","target_col":"APPL_REF_NUMBER"},
{"source_col":"MEMO_DEBITS","target_col":"MEMO_DEBITS"},
{"source_col":"COLLECTION_REASON","target_col":"COLLECTION_REASON"},
{"source_col":"BUREAU_SCORE","target_col":"BUREAU_SCORE"},
{"source_col":"INHOUSE_SCORE","target_col":"INHOUSE_SCORE"},
{"source_col":"MISC_SCORE","target_col":"MISC_SCORE"},
{"source_col":"EMPLOYER_CODE","target_col":"EMPLOYER_CODE"},
{"source_col":"CORPID","target_col":"CORPID"},
{"source_col":"IMMEDIATE_DUE","target_col":"IMMEDIATE_DUE"},
{"source_col":"CTD_RETAIL_PURCHASES_NUMBER","target_col":"CTD_RETAIL_PURCHASES_NUMBER"},
{"source_col":"CTD_RETAIL_PURCHASES_AMOUNT","target_col":"CTD_RETAIL_PURCHASES_AMOUNT"},
{"source_col":"YTD_RETAIL_PURCHASES_NUMBER","target_col":"YTD_RETAIL_PURCHASES_NUMBER"},
{"source_col":"YTD_RETAIL_PURCHASES_AMOUNT","target_col":"YTD_RETAIL_PURCHASES_AMOUNT"},
{"source_col":"LTD_RETAIL_PURCHASES_NUMBER","target_col":"LTD_RETAIL_PURCHASES_NUMBER"},
{"source_col":"LTD_RETAIL_PURCHASES_AMOUNT","target_col":"LTD_RETAIL_PURCHASES_AMOUNT"},
{"source_col":"CTD_CASH_PURCHASES_NUMBER","target_col":"CTD_CASH_PURCHASES_NUMBER"},
{"source_col":"CTD_CASH_PURCHASES_AMOUNT","target_col":"CTD_CASH_PURCHASES_AMOUNT"},
{"source_col":"USER_CODE2","target_col":"USER_CODE2"},
{"source_col":"USER_CODE3","target_col":"USER_CODE3"},
{"source_col":"USER_CODE4","target_col":"USER_CODE4"},
{"source_col":"USER_CODE5","target_col":"USER_CODE5"},
{"source_col":"USER_CODE6","target_col":"USER_CODE6"},
{"source_col":"USER_CODE7","target_col":"USER_CODE7"},
{"source_col":"USER_CODE8","target_col":"USER_CODE8"},
{"source_col":"USER_CODE9","target_col":"USER_CODE9"},
{"source_col":"USER_CODE10","target_col":"USER_CODE10"},
{"source_col":"USER_CODE11","target_col":"USER_CODE11"},
{"source_col":"USER_CODE12","target_col":"USER_CODE12"},
{"source_col":"USER_CODE13","target_col":"USER_CODE13"},
{"source_col":"USER_CODE14","target_col":"USER_CODE14"},
{"source_col":"MAE_DATE","target_col":"MAE_DATE"},
{"source_col":"USER_DATE2","target_col":"USER_DATE2"},
{"source_col":"USER_DATE3","target_col":"USER_DATE3"},
{"source_col":"USER_DATE4","target_col":"USER_DATE4"},
{"source_col":"USER_DATE5","target_col":"USER_DATE5"},
{"source_col":"USER_DATE6","target_col":"USER_DATE6"},
{"source_col":"USER_DATE7","target_col":"USER_DATE7"},
{"source_col":"USER_DATE8","target_col":"USER_DATE8"},
{"source_col":"USER_DATE9","target_col":"USER_DATE9"},
{"source_col":"USER_DATE10","target_col":"USER_DATE10"},
{"source_col":"USER_DATE11","target_col":"USER_DATE11"},
{"source_col":"USER_DATE12","target_col":"USER_DATE12"},
{"source_col":"USER_DATE13","target_col":"USER_DATE13"},
{"source_col":"USER_DATE14","target_col":"USER_DATE14"},
{"source_col":"MAE_AMOUNT","target_col":"MAE_AMOUNT"},
{"source_col":"USER_AMOUNT2","target_col":"USER_AMOUNT2"},
{"source_col":"USER_AMOUNT3","target_col":"USER_AMOUNT3"},
{"source_col":"USER_AMOUNT4","target_col":"USER_AMOUNT4"},
{"source_col":"USER_AMOUNT5","target_col":"USER_AMOUNT5"},
{"source_col":"USER_AMOUNT6","target_col":"USER_AMOUNT6"},
{"source_col":"USER_AMOUNT7","target_col":"USER_AMOUNT7"},
{"source_col":"USER_AMOUNT8","target_col":"USER_AMOUNT8"},
{"source_col":"USER_AMOUNT9","target_col":"USER_AMOUNT9"},
{"source_col":"USER_AMOUNT10","target_col":"USER_AMOUNT10"},
{"source_col":"USER_AMOUNT11","target_col":"USER_AMOUNT11"},
{"source_col":"USER_AMOUNT12","target_col":"USER_AMOUNT12"},
{"source_col":"USER_AMOUNT13","target_col":"USER_AMOUNT13"},
{"source_col":"USER_AMOUNT14","target_col":"USER_AMOUNT14"},
{"source_col":"EMPLOYEE_CODE","target_col":"EMPLOYEE_CODE"},
{"source_col":"OPENED_DATE","target_col":"OPENED_DATE"},
{"source_col":"CURRENCY","target_col":"CURRENCY"},
{"source_col":"UNBILLED_INST","target_col":"UNBILLED_INST"},
{"source_col":"DPD_STRING_STAMPDATE","target_col":"DPD_STRING_STAMPDATE"},
{"source_col":"PREPAYPENALTY","target_col":"PREPAYPENALTY"},
{"source_col":"AGREEMENTDATET","target_col":"AGREEMENTDATE"},
{"source_col":"USER_DATA1","target_col":"USER_DATA1"},
{"source_col":"USER_DATA2","target_col":"USER_DATA2"},
{"source_col":"USER_DATA3","target_col":"USER_DATA3"},
{"source_col":"USER_DATA4","target_col":"USER_DATA4"},
{"source_col":"USER_DATA5","target_col":"USER_DATA5"},
{"source_col":"USER_ID","target_col":"USERID"},
{"source_col":"LOAN_UPLOAD_FLG","target_col":"LOAN_UPLOAD_FLG"},
{"source_col":"OVER_DRF_LMT_REG","target_col":"OVER_DRF_LMT_REG"},
{"source_col":"INTER_RATE_REG","target_col":"INTER_RATE_REG"},
{"source_col":"OVER_DRF_LMT_TOD","target_col":"OVER_DRF_LMT_TOD"},
{"source_col":"INTER_RATE_TOD","target_col":"INTER_RATE_TOD"},
{"source_col":"LINE_EXPIRY_DATE_TOD","target_col":"LINE_EXPIRY_DATE_TOD"},
{"source_col":"NON_ACCRUAL_FLAG","target_col":"NON_ACCRUAL_FLAG"},
{"source_col":"TOTAL_AMT_DUE_REG","target_col":"TOTAL_AMT_DUE_REG"},
{"source_col":"TOTAL_AMT_DUE_TOD","target_col":"TOTAL_AMT_DUE_TOD"},
{"source_col":"OVER_LIMIT_DATE","target_col":"OVER_LIMIT_DATE"},
{"source_col":"TOTAL_DR_INTER_ACCRUED","target_col":"TOTAL_DR_INTER_ACCRUED"},
{"source_col":"ACCURED_DR_INTER_REG","target_col":"ACCURED_DR_INTER_REG"},
{"source_col":"ACCURED_DR_INTER_TOD","target_col":"ACCURED_DR_INTER_TOD"},
{"source_col":"NPA_PROV_ABS_VALUE","target_col":"NPA_PROV_ABS_VALUE"},
{"source_col":"NPA_PROV_ABS_VALUE_PER","target_col":"NPA_PROV_ABS_VALUE_PER"},
{"source_col":"FINANCIER_TYPE","target_col":"FINANCIER_TYPE"},
{"source_col":"SANCTION_DATE","target_col":"SANCTION_DATE"},
{"source_col":"PROPOSAL_ID","target_col":"PROPOSAL_ID"},
{"source_col":"AGREEMENT_ID","target_col":"AGREEMENT_ID"},
{"source_col":"DISB_TYPE","target_col":"DISB_TYPE"},
{"source_col":"BOMBKT","target_col":"BOMBKT"},
{"source_col":"DECILE","target_col":"DECILE"},
{"source_col":"NODE","target_col":"NODE"},
{"source_col":"NODESCORECARDNAME","target_col":"NODESCORECARDNAME"},
{"source_col":"NPASTAGEID","target_col":"NPASTAGEID"},
{"source_col":"PRINCIPALOUTSTANDING","target_col":"PRINCIPALOUTSTANDING"},
{"source_col":"PRIORITY","target_col":"PRIORITY"},
{"source_col":"PRODUCTFLAG","target_col":"PRODUCTFLAG"},
{"source_col":"SCORE","target_col":"SCORE"},
{"source_col":"SCORECARDNAME","target_col":"SCORECARDNAME"},
{"source_col":"STRATEGY","target_col":"STRATEGY"},
{"source_col":"RISK_BAND","target_col":"RISKBAND"},
{"source_col":"PRE_DUE_IDENTIFIER","target_col":"PRE_DUE_IDENTIFIER"},
{"source_col":"PRE_DUE_IDENTIFIER_UPDATE_DATE","target_col":"PRE_DUE_IDENTIFIER_UPDATE_DATE"},
{"source_col":"INP_FLAG","target_col":"INP_FLAG"},
{"source_col":"ACCT_TYPE","target_col":"ACCOUNT_TYPE"},
{"source_col":"BANK_NAME","target_col":"BANK_NAME"},
{"source_col":"LAST_EMI_PAYMENT_MODE","target_col":"LAST_EMI_PAYMENT_MODE"},
{"source_col":"SALESPOINTNAME","target_col":"SALESPOINTNAME"},
{"source_col":"BOM_POS","target_col":"BOM_POS"},
{"source_col":"UPLOAD_DATE","target_col":"UPLOAD_DATE"},
{"source_col":"salespointid","target_col":"salespointid"},
{"source_col":"FORECLOSURE_FLAG","target_col":"FORECLOSURE_FLAG"}
          ]
      },
	  {
        "source_table": "CFL_ACCOUNTDISBURSALDETAILS_CBS_STG",
        "target_table": "CFL_ACCOUNTDISBURSALDETAILS_STG",
		"col_mappings":[
		{"source_col":"APPL_ID","target_col":"APPL_ID"},
{"source_col":"DISBURSAL_DATE","target_col":"DISBURSAL_DATE"},
{"source_col":"DISBURSAL_AMOUNT","target_col":"DISBURSAL_AMOUNT"},
{"source_col":"CHEQUE_NO","target_col":"CHEQUE_NO"},
{"source_col":"CHEQUE_OF_BANK","target_col":"CHEQUE_OF_BANK"},
{"source_col":"CHEQUE_FAVOURING","target_col":"CHEQUE_FAVOURING"},
{"source_col":"MAP_CODE","target_col":"MAP_CODE"},
{"source_col":"FACILITY","target_col":"FACILITY"},
{"source_col":"AMOUNT_FINANCED","target_col":"AMOUNT_FINANCED"},
{"source_col":"DISBURSAL_SEQ_NO","target_col":"DISBURSAL_SEQ_NO"},
{"source_col":"BP_TYPE","target_col":"BP_TYPE"},
{"source_col":"UPLOAD_DATE","target_col":"UPLOAD_DATE"}
        ]
      },
	  {
        "source_table": "CFL_ACCOUNTPROPERTYDETAILS_CBS_STG",
        "target_table": "CFL_ACCOUNTPROPERTYDETAILS_STG",
		"col_mappings":[
		{"source_col":"APPL_ID","target_col":"APPL_ID"},
{"source_col":"PROPERTY_TYPE","target_col":"PROPERTY_TYPE"},
{"source_col":"PROPERTY_ADDRESS","target_col":"PROPERTY_ADDRESS"},
{"source_col":"PROPERTY_DESC","target_col":"PROPERTY_DESC"},
{"source_col":"CITY","target_col":"CITY"},
{"source_col":"PROPERTY_VAL_LATEST","target_col":"PROPERTY_VAL_LATEST"},
{"source_col":"BUILDER_DESC","target_col":"BUILDER_DESC"},
{"source_col":"LAWYER_DESC","target_col":"LAWYER_DESC"},
{"source_col":"PLOT_AREA","target_col":"PLOT_AREA"},
{"source_col":"BUILD_UP_AREA","target_col":"BUILD_UP_AREA"},
{"source_col":"MARKET_VALUE","target_col":"MARKET_VALUE"},
{"source_col":"PURCHASE_COST","target_col":"PURCHASE_COST"},
{"source_col":"PROPERTY_DATE_LATEST","target_col":"PROPERTY_DATE_LATEST"},
{"source_col":"INSURANCE_COMPANY","target_col":"INSURANCE_COMPANY"},
{"source_col":"NATURE_OF_INSURANCE","target_col":"NATURE_OF_INSURANCE"},
{"source_col":"INSURED_BY","target_col":"INSURED_BY"},
{"source_col":"PROPERTY_VAL_AT_FINANCE","target_col":"PROPERTY_VAL_AT_FINANCE"},
{"source_col":"PROPERTY_CATEGORY","target_col":"PROPERTY_CATEGORY"},
{"source_col":"ADDITIONAL_INFO","target_col":"ADDITIONAL_INFO"},
{"source_col":"NCE","target_col":"NCE"},
{"source_col":"PROPERTY_ADDR1","target_col":"PROPERTY_ADDR1"},
{"source_col":"PROPERTY_ADDR2","target_col":"PROPERTY_ADDR2"},
{"source_col":"PROPERTY_ADDR3","target_col":"PROPERTY_ADDR3"},
{"source_col":"PROPERTY_ID","target_col":"PROPERTY_ID"},
{"source_col":"MULTIPLE_PROPERTY_FLAG","target_col":"MULTIPLE_PROPERTY_FLAG"},
{"source_col":"UPLOAD_DATE","target_col":"UPLOAD_DATE"}
         ]
      },
	  {
        "source_table": "CFL_CONTACTADDRESSES_CBS_STG",
        "target_table": "CFL_CONTACTADDRESSES_STG",
		"col_mappings":[
		{"source_col":"CONTACT_REF","target_col":"CONTACT_REF"},
{"source_col":"ADDRESSTYPE","target_col":"ADDRESSTYPE"},
{"source_col":"ADDRESS1","target_col":"ADDRESS1"},
{"source_col":"ADDRESS2","target_col":"ADDRESS2"},
{"source_col":"ADDRESS3","target_col":"ADDRESS3"},
{"source_col":"ADDRESS4","target_col":"ADDRESS4"},
{"source_col":"ADDRESS5","target_col":"ADDRESS5"},
{"source_col":"POSTALCODE","target_col":"POSTALCODE"},
{"source_col":"ADDRESS6","target_col":"ADDRESS6"},
{"source_col":"COUNTRYCODE","target_col":"COUNTRYCODE"},
{"source_col":"ADDRESS7","target_col":"ADDRESS7"},
{"source_col":"ADDRESS8","target_col":"ADDRESS8"},
{"source_col":"ADDRESS9","target_col":"ADDRESS9"},
{"source_col":"ADDRESS10","target_col":"ADDRESS10"},
{"source_col":"VALID_FROM","target_col":"VALID_FROM"},
{"source_col":"VALID_TO","target_col":"VALID_TO"},
{"source_col":"IS_MAILING","target_col":"IS_MAILING"},
{"source_col":"UPLOAD_DATE","target_col":"UPLOAD_DATE"},
{"source_col":"LAST_UPDATED_DATE","target_col":"LAST_UPDATED_DATE"}
         ]
      },
	  {
        "source_table": "CFL_CONTACTPHONES_CBS_STG",
        "target_table": "CFL_CONTACTPHONES_STG",
		"col_mappings":[
		{"source_col":"CONTACT_REF","target_col":"CONTACT_REF"},
{"source_col":"PHONENUMBER","target_col":"PHONENUMBER"},
{"source_col":"PHONETYPE","target_col":"PHONETYPE"},
{"source_col":"VALID_FROM","target_col":"VALID_FROM"},
{"source_col":"VALID_TO","target_col":"VALID_TO"},
{"source_col":"IS_PREFERRED","target_col":"IS_PREFERRED"},
{"source_col":"UPLOAD_DATE","target_col":"UPLOAD_DATE"},
{"source_col":"LAST_UPDT_DATE","target_col":"LAST_UPDATED_DATE"}
        ]
      },
	  {
        "source_table": "CFL_CONTACTS_CBS_STG",
        "target_table": "CFL_CONTACTS_STG",
		"col_mappings":[
		{"source_col":"CONTACT_REF","target_col":"CONTACT_REF"},
{"source_col":"TITLE","target_col":"TITLE"},
{"source_col":"GIVENNAME","target_col":"GIVENNAME"},
{"source_col":"MIDDLENAME","target_col":"MIDDLENAME"},
{"source_col":"FAMILYNAME","target_col":"FAMILYNAME"},
{"source_col":"COMPANYNAME","target_col":"COMPANYNAME"},
{"source_col":"UPLOAD_DATE","target_col":"UPLOAD_DATE"}
        ]
      },
	  {
        "source_table": "CFL_COTACTEMAILS_CBS_STG",
        "target_table": "CFL_COTACTEMAILS_STG",
		"col_mappings":[
		{"source_col":"CONTACT_REF","target_col":"CONTACT_REF"},
{"source_col":"EMAILADDRESS","target_col":"EMAILADDRESS"},
{"source_col":"VALID_FROM","target_col":"VALID_FROM"},
{"source_col":"VALID_TO","target_col":"VALID_TO"},
{"source_col":"IS_PREFERRED","target_col":"IS_PREFERRED"},
{"source_col":"UPLOAD_DATE","target_col":"UPLOAD_DATE"},
{"source_col":"LAST_UPDATED_DATE","target_col":"LAST_UPDATED_DATE"}
        ]
      },
	  {
        "source_table": "CFL_CUSTOMERDETAILS_CBS_STG",
        "target_table": "CFL_CUSTOMERDETAILS_STG", 
		"col_mappings":[
		{"source_col":"ACCT_NUM","target_col":"ACCT_NUMBER"},
{"source_col":"CUST_ID","target_col":"CUSTOMER_ID"},
{"source_col":"CUST_NAME","target_col":"CUST_NAME"},
{"source_col":"SALU","target_col":"SALUTATION"},
{"source_col":"SEX","target_col":"SEX"},
{"source_col":"DOB","target_col":"DOB"},
{"source_col":"NATIONALITY","target_col":"NATIONALITY"},
{"source_col":"MARITAL_STAT","target_col":"MARITAL_STATUS"},
{"source_col":"PASSPORT_NO","target_col":"PASSPORT_NO"},
{"source_col":"DL_NO","target_col":"DL_NO"},
{"source_col":"SSN","target_col":"SSN"},
{"source_col":"CONSTITUTION","target_col":"CONSTITUTION"},
{"source_col":"PROFESSION","target_col":"PROFESSION"},
{"source_col":"INDUSTRY","target_col":"INDUSTRY"},
{"source_col":"CURRENT_ORG","target_col":"CURRENT_ORG"},
{"source_col":"PREV_ORG","target_col":"PREV_ORG"},
{"source_col":"DESIG","target_col":"DESIG"},
{"source_col":"PAN_NO","target_col":"PAN_NO"},
{"source_col":"COAPPLN_FLAG","target_col":"CUSTCOAPPLICANTFLAG"},
{"source_col":"ADDON_CARD","target_col":"ADD_ON_CARD"},
{"source_col":"CIF_NUM","target_col":"CIF_NUMBER"},
{"source_col":"DELINQUECY_MNTHS","target_col":"DELINQUENCY_MONTHS"},
{"source_col":"BRANCH_CODE","target_col":"BRANCH_CODE"},
{"source_col":"BPTYPE_CODE","target_col":"BPTYPE_CODE"},
{"source_col":"CARD_NUM","target_col":"CARD_NUMBER"},
{"source_col":"REGION_CODE","target_col":"REGION_CODE"},
{"source_col":"MAP_CODE","target_col":"MAP_CODE"},
{"source_col":"PROPOSAL_ID","target_col":"PROPOSAL_ID"},
{"source_col":"COLL_BUSS_TYPE","target_col":"COLL_BUSINESS_TYPE"},
{"source_col":"CUSTOMER_TYPE","target_col":"CUSTOMER_TYPE"},
{"source_col":"BUSINESS_GROUP","target_col":"BUSINESS_GROUP"},
{"source_col":"BUSINESS_REG_NO","target_col":"BUSINESS_REG_NO"},
{"source_col":"DATE_OF_INCORP","target_col":"DATE_OF_INCORPORATION"},
{"source_col":"BUSINESS_SECTOR","target_col":"BUSINESS_SECTOR"},
{"source_col":"REGION","target_col":"REGION"},
{"source_col":"DATE_OF_COMM","target_col":"DATE_OF_COMMENCEMENT"},
{"source_col":"TURNOVER","target_col":"TURNOVER"},
{"source_col":"RELATIONSHIP_MGR","target_col":"RLTNSHP_MGR_ID"},
{"source_col":"STAKE_PERCENTAGE","target_col":"STAKE_PERC"},
{"source_col":"DEAL_ID","target_col":"DEAL_ID"},
{"source_col":"LANGUAGE_CODE","target_col":"LANGUAGE_CODE"},
{"source_col":"UPLOAD_DATE","target_col":"UPLOAD_DATE"}
        ]
      },
	  {   
	    "source_table": "CFL_TPSLFEEDBACK_CBS_STG",
        "target_table": "CFL_TPSLFEEDBACK_STG",
		"col_mappings":[
		{"source_col":"APPL_ID","target_col":"APPL_ID"},
{"source_col":"BOUNCE_DATE","target_col":"BOUNCE_DATE"},
{"source_col":"BOUNCE_REASON","target_col":"BOUNCE_REASON"},
{"source_col":"NET_BOUNCE_DATE","target_col":"NET_BOUNCE_DATE"},
{"source_col":"NET_BOUNCE_REASON","target_col":"NET_BOUNCE_REASON"},
{"source_col":"UPLOAD_DATE","target_col":"UPLOAD_DATE"},
{"source_col":"STATUS","target_col":"STATUS"},
{"source_col":"BANK_NAME","target_col":"BANK_NAME"},
{"source_col":"REPRESENT_FLAG","target_col":"REPRESENT_FLAG"}
        ]
      }
    ]
	}
			
	
		}	
		
		